-- phpMyAdmin SQL Dump
-- version 4.2.12deb2+deb8u2
-- http://www.phpmyadmin.net
--
-- Servidor: localhost:3306
-- Tiempo de generación: 27-10-2017 a las 12:13:24
-- Versión del servidor: 5.5.57-0+deb8u1
-- Versión de PHP: 5.6.30-0+deb8u1

SET SQL_MODE = "NO_AUTO_VALUE_ON_ZERO";
SET time_zone = "+00:00";


/*!40101 SET @OLD_CHARACTER_SET_CLIENT=@@CHARACTER_SET_CLIENT */;
/*!40101 SET @OLD_CHARACTER_SET_RESULTS=@@CHARACTER_SET_RESULTS */;
/*!40101 SET @OLD_COLLATION_CONNECTION=@@COLLATION_CONNECTION */;
/*!40101 SET NAMES utf8 */;

--
-- Base de datos: `arzobispado`
--

DELIMITER $$
--
-- Funciones
--
CREATE DEFINER=`arzobispado`@`%` FUNCTION `GetAllowedListItem`(GivenID INT) RETURNS text CHARSET latin1 COLLATE latin1_spanish_ci
    DETERMINISTIC
BEGIN
    DECLARE pId INT;
    DECLARE pParent_Id INT;
    DECLARE contador INT;
    DECLARE result TEXT;

    # obtenemos información del id 
    SELECT id, parent_id FROM protocolo_tipo WHERE id=GivenID INTO pId, pParent_Id;

    IF (pParent_Id IS NULL) THEN
        # es el primer elemento de la cadena
        RETURN '';

    ELSE
        # verificamos si el elemento actual tiene hijos
        SELECT count(id) FROM protocolo_tipo WHERE parent_id=pId INTO contador;

        IF (contador > 0) THEN
            # existen hijos
            RETURN '';

        ELSE
            SELECT GetPath(pId) INTO result;
            RETURN result;

        END IF;

    END IF;

    RETURN '';
END$$

CREATE DEFINER=`arzobispado`@`%` FUNCTION `GetAncestry`(GivenID INT) RETURNS varchar(1024) CHARSET latin1 COLLATE latin1_spanish_ci
    DETERMINISTIC
BEGIN
    DECLARE rv VARCHAR(1024);
    DECLARE cm CHAR(1);
    DECLARE ch INT;

    SET rv = '';
    SET cm = '';
    SET ch = GivenID;
    WHILE ch > 0 DO
        SELECT IFNULL(parent_id,-1) INTO ch FROM
        (SELECT parent_id FROM protocolo_tipo WHERE id = ch) A;
        IF ch > 0 THEN
            SET rv = CONCAT(rv,cm,ch);
            SET cm = ',';
        END IF;
    END WHILE;
    RETURN rv;
END$$

CREATE DEFINER=`arzobispado`@`%` FUNCTION `GetFirstLevel`(p_id INT) RETURNS varchar(100) CHARSET latin1 COLLATE latin1_spanish_ci
    DETERMINISTIC
BEGIN
    DECLARE p1 INT;
    DECLARE p2 VARCHAR(100);
    DECLARE p3 INT;

    SET p3 = p_id;

    WHILE p3 IS NOT NULL DO
        SELECT id, name, parent_id INTO p1, p2, p3
        FROM protocolo_tipo WHERE id = p3;
    END WHILE;

    RETURN p2;
END$$

CREATE DEFINER=`arzobispado`@`%` FUNCTION `GetParentIDByID`(GivenID INT) RETURNS int(11)
    DETERMINISTIC
BEGIN
    DECLARE rv INT;

    SELECT IFNULL(parent_id,-1) INTO rv FROM
    (SELECT parent_id FROM protocolo_tipo WHERE id = GivenID) A;
    RETURN rv;
END$$

CREATE DEFINER=`arzobispado`@`%` FUNCTION `GetPath`(pID INT) RETURNS text CHARSET latin1 COLLATE latin1_spanish_ci
    DETERMINISTIC
BEGIN
    DECLARE pName VARCHAR(100);
    DECLARE pParentID INT;
    DECLARE temppath TEXT;
    DECLARE cm CHAR;

    SET pName = '';
    SET pParentID = pID;
    SET temppath = '';
    SET cm = '';

    WHILE (pParentID IS NOT NULL) DO
        SELECT name, parent_id FROM protocolo_tipo WHERE id=pParentID INTO pName, pParentID;
        SET temppath = CONCAT(pName, cm, temppath);
        SET cm = '/';

    END WHILE;

    RETURN temppath;
END$$

DELIMITER ;

-- --------------------------------------------------------

--
-- Estructura de tabla para la tabla `autos`
--

CREATE TABLE IF NOT EXISTS `autos` (
`id` int(11) NOT NULL,
  `auto_marca_id` int(11) NOT NULL,
  `auto_modelo_id` int(11) NOT NULL,
  `dominio` varchar(10) COLLATE latin1_spanish_ci NOT NULL,
  `modelo` int(11) DEFAULT NULL,
  `propietario` varchar(60) COLLATE latin1_spanish_ci NOT NULL,
  `porcentaje` decimal(4,2) DEFAULT NULL,
  `valor` decimal(10,2) DEFAULT NULL,
  `observaciones` varchar(240) COLLATE latin1_spanish_ci DEFAULT NULL,
  `titulo` tinyint(1) DEFAULT NULL,
  `seguro` tinyint(1) DEFAULT NULL,
  `tarjeta_verde` tinyint(1) DEFAULT NULL,
  `exencion` tinyint(1) DEFAULT NULL,
  `vendido` tinyint(1) DEFAULT NULL,
  `created` datetime DEFAULT NULL,
  `modified` datetime DEFAULT NULL
) ENGINE=InnoDB AUTO_INCREMENT=82 DEFAULT CHARSET=latin1 COLLATE=latin1_spanish_ci;

--
-- Volcado de datos para la tabla `autos`
--

INSERT INTO `autos` (`id`, `auto_marca_id`, `auto_modelo_id`, `dominio`, `modelo`, `propietario`, `porcentaje`, `valor`, `observaciones`, `titulo`, `seguro`, `tarjeta_verde`, `exencion`, `vendido`, `created`, `modified`) VALUES
(1, 14, 137, 'ABG573', 1998, 'Cong. Marta y María (Hogar de ancianos San Isidro Labrador)', NULL, NULL, 'vendido', 1, 1, 1, 1, 1, '2017-05-10 00:00:00', '2017-05-10 00:00:00'),
(2, 1, 16, 'ABH 232', 1995, 'Pquia San Isidro de Lules', NULL, NULL, 'vendida 23/03/2001', 1, 1, 1, 1, 1, '2017-05-10 00:00:00', '2017-05-10 00:00:00'),
(3, 1, 5, 'ABV937', 1995, 'Mons. Carlos Ñañez', NULL, NULL, 'vendida', 1, 1, 1, 0, 1, '2017-05-10 00:00:00', '2017-05-10 00:00:00'),
(4, 13, 134, 'AFU715', 1995, 'Pquia. Nstra. Sra. del Valle (La Florida)', NULL, NULL, 'vendida', 1, 1, 1, 1, 1, '2017-05-10 00:00:00', '2017-05-10 00:00:00'),
(5, 10, 83, 'ALD081', 1995, 'Pquia. San Antonio de Padua', NULL, NULL, 'vendido el 11/03/1999', 1, 1, 0, 1, 1, '2017-05-10 00:00:00', '2017-05-10 00:00:00'),
(6, 7, 72, 'AOD441', 1995, 'Lourdistas', 99.99, 14200.00, 'vendido', 1, 0, 0, 0, 1, '2017-05-10 00:00:00', '2017-05-10 00:00:00'),
(7, 11, 104, 'APY900', 1996, 'Pquia. Inmaculada Concepción', NULL, NULL, 'vendido', 1, 1, 0, 1, 1, '2017-05-10 00:00:00', '2017-05-10 00:00:00'),
(8, 11, 106, 'ASV671', 1996, 'Pquia. San Antonio de Padua', NULL, NULL, 'vendido', 1, 0, 0, 1, 1, '2017-05-10 00:00:00', '2017-05-10 00:00:00'),
(9, 2, 27, 'ATF447', 1996, 'Pbro. Villena', NULL, NULL, 'vendido 10/04/2000', 1, 1, 0, 1, 1, '2017-05-10 00:00:00', '2017-05-10 00:00:00'),
(10, 10, 84, 'AXW131', 1996, 'Pquia. Nstra Sra. del Valle (La Florida)', NULL, NULL, 'vendido', 1, 0, 0, 1, 1, '2017-05-10 00:00:00', '2017-05-10 00:00:00'),
(11, 11, 106, 'B2202226', 1988, 'Hogar San Agustin', NULL, NULL, 'Vendido', 1, 1, 0, 0, 1, '2017-05-10 00:00:00', '2017-05-10 00:00:00'),
(12, 10, 83, 'BAF240', 1996, 'José Melitón Chávez', NULL, NULL, 'Vendido', 0, 1, 0, 0, 1, '2017-05-10 00:00:00', '2017-05-10 00:00:00'),
(13, 15, 148, 'BBZ759', 1996, 'Pquia. Ntra. Sra del Valle (La Florida)', NULL, NULL, 'vendido', 1, 0, 1, 0, 1, '2017-05-10 00:00:00', '2017-05-10 00:00:00'),
(14, 4, 54, 'BYI 060', 1998, 'Pbro. Francisco Quintin Ibañez', NULL, NULL, 'vendido ( hacer transferencia al pbro ibañez )', 0, 1, 1, 0, 1, '2017-05-10 00:00:00', '2017-05-10 00:00:00'),
(15, 3, 44, 'COY027', 1999, 'Pquia. Nstra. Sra. del Rosario', NULL, NULL, 'vendido', 1, 1, 1, 1, 1, '2017-05-10 00:00:00', '2017-05-10 00:00:00'),
(16, 10, 84, 'CHG068', 1998, 'Arzobispado de Tucumán', NULL, NULL, 'vendido', 1, 1, 0, 0, 1, '2017-05-10 00:00:00', '2017-05-10 00:00:00'),
(17, 2, 27, 'DDK621', 2000, 'Pquia. Inmaculado Corazón de María', NULL, NULL, 'Vendido 16/12/2004', 1, 1, 0, 0, 1, '2017-05-10 00:00:00', '2017-05-10 00:00:00'),
(18, 4, 60, 'DDL562', 1999, 'Pquia. Nstra Sra. del Rosario', NULL, NULL, 'vendido', 0, 1, 0, 0, 1, '2017-05-10 00:00:00', '2017-05-10 00:00:00'),
(19, 10, 139, 'DKJ716', 2000, 'Rogacionistas', NULL, NULL, 'vendido', 1, 0, 0, 0, 1, '2017-05-10 00:00:00', '2017-05-10 00:00:00'),
(20, 16, 149, 'DMC 539', 2007, 'en uso por la pquia San Francisco Solano', NULL, NULL, '( MOTO ) vendida', 1, 1, 1, 0, 1, '2017-05-10 00:00:00', '2017-05-10 00:00:00'),
(21, 2, 39, 'DZX 921', 2002, 'Seminario Menor', NULL, NULL, 'Vendida', 1, 1, 1, 1, 1, '2017-05-10 00:00:00', '2017-05-10 00:00:00'),
(22, 4, 59, 'EAR 919', 2002, 'Seminario Mayor', NULL, NULL, 'vendida', 1, 1, 1, 1, 1, '2017-05-10 00:00:00', '2017-05-10 00:00:00'),
(23, 6, 65, 'EIQ468', 2004, 'Pquia. Inmaculado Corazón de María', NULL, NULL, 'vendido', 1, 0, 0, 0, 1, '2017-05-10 00:00:00', '2017-05-10 00:00:00'),
(24, 3, 50, 'ET', 2006, 'Arzobispado de Tucumán', NULL, NULL, 'vendido', 1, 1, 1, 1, 1, '2017-05-10 00:00:00', '2017-05-10 00:00:00'),
(25, 9, 140, 'F005226', 1967, 'Hogar San Agustin', NULL, NULL, 'Vendido', 1, 0, 0, 0, 1, '2017-05-10 00:00:00', '2017-05-10 00:00:00'),
(26, 10, 82, 'SHK723', 1994, 'José Melitón Chávez', NULL, NULL, 'vendida', 0, 0, 0, 0, 1, '2017-05-10 00:00:00', '2017-05-10 00:00:00'),
(27, 2, 31, 'SRT042', 1994, 'Lourdistas', NULL, NULL, 'vendido', 1, 1, 0, 0, 1, '2017-05-10 00:00:00', '2017-05-10 00:00:00'),
(28, 3, 47, 'SUN016', 1994, 'Pquia. San Antonio de Padua', NULL, NULL, 'vendido el 04/10/2002', 1, 0, 0, 0, 1, '2017-05-10 00:00:00', '2017-05-10 00:00:00'),
(29, 10, 82, 'T075976', 1979, 'Operarios', NULL, NULL, 'vendido el 03/02/1994', 1, 1, 0, 1, 1, '2017-05-10 00:00:00', '2017-05-10 00:00:00'),
(30, 11, 106, 'T084267', 1980, 'Hogar San Agustín', NULL, NULL, 'Vendido', 1, 1, 0, 0, 1, '2017-05-10 00:00:00', '2017-05-10 00:00:00'),
(31, 10, 122, 'T130445', 1992, 'Daniel Francisco Giaquinta', NULL, NULL, 'vendido', 1, 0, 0, 0, 1, '2017-05-10 00:00:00', '2017-05-10 00:00:00'),
(32, 10, 122, 'TYD625', 1990, 'Pquia. Santísimo Sacramento', NULL, NULL, 'vendido 22/03/2001', 1, 1, 0, 0, 1, '2017-05-10 00:00:00', '2017-05-10 00:00:00'),
(33, 2, 30, 'TYD707', 1975, 'José Ricardo Arbó', NULL, NULL, 'vendido', 1, 1, 1, 0, 1, '2017-05-10 00:00:00', '2017-05-10 00:00:00'),
(34, 7, 72, 'TZS478', 1981, 'Lourdistas', NULL, NULL, 'vendido 17/12/2003', 1, 1, 0, 0, 1, '2017-05-10 00:00:00', '2017-05-10 00:00:00'),
(35, 1, 6, 'UYW141', NULL, 'Pquia. La Caridad', NULL, NULL, 'vendido 02/06/2000', 1, 0, 0, 0, 1, '2017-05-10 00:00:00', '2017-05-10 00:00:00'),
(36, 10, 82, 'VBJ997', 1994, 'Pquia. Nuestra Señora de Fátima', NULL, NULL, 'vendido', 1, 1, 0, 0, 1, '2017-05-10 00:00:00', '2017-05-10 00:00:00'),
(37, 3, 138, 'AKW700', 1995, 'Pquia. Santísimo Sacramento', NULL, 16000.00, 'NULL', 1, 0, 0, 0, 0, '2017-05-10 00:00:00', '2017-05-10 00:00:00'),
(38, 3, 51, 'AOD478', 1995, 'Pquia. La Caridad', 99.99, 14200.00, 'NULL', 1, 0, 1, 0, 0, '2017-05-10 00:00:00', '2017-05-10 00:00:00'),
(39, 11, 106, 'AOY615', 1995, 'Pquia. Nstra. Sra. del Carmen (T. Del Valle)', 99.99, 47000.00, 'NULL', 1, 1, 0, 1, 0, '2017-05-10 00:00:00', '2017-05-10 00:00:00'),
(40, 11, 106, 'AUI192', 1995, '', 99.99, 35000.00, 'NULL', 1, 0, 0, 0, 0, '2017-05-10 00:00:00', '2017-05-10 00:00:00'),
(41, 4, 59, 'BUR 968', 1998, 'Pquia. San Roque', NULL, NULL, 'hacer transferencia al pbro urbanç', 1, 1, 1, 1, 0, '2017-05-10 00:00:00', '2017-05-10 00:00:00'),
(42, 11, 98, 'C1154176', NULL, 'Pquia. San José (Bella Vista)', NULL, NULL, 'Desguace el 28/01/2000', 0, 0, 0, 0, 0, '2017-05-10 00:00:00', '2017-05-10 00:00:00'),
(43, 1, 145, 'CFW143', 1998, 'Pquia. San José', 99.99, 33000.00, 'NULL', 1, 0, 1, 0, 0, '2017-05-10 00:00:00', '2017-05-10 00:00:00'),
(44, 1, 15, 'CKP 602', 1998, 'Inmaculada Concepcion( San Cayetano)', 99.99, 45000.00, 'NULL', 0, 1, 1, 0, 0, '2017-05-10 00:00:00', '2017-05-10 00:00:00'),
(45, 1, 15, 'CKP602', 1998, 'Pquia. Inmaculada Concepción', NULL, NULL, 'NULL', 1, 0, 0, 0, 0, '2017-05-10 00:00:00', '2017-05-10 00:00:00'),
(46, 11, 104, 'COX961', 1999, 'Pbro. Silvio Medina (Pquia. Nstra. Sra. del Carmen)', 99.99, 28900.00, 'NULL', 1, 0, 1, 0, 0, '2017-05-10 00:00:00', '2017-05-10 00:00:00'),
(47, 6, 65, 'CVB 440', 1999, 'Pquia. Sagrada Familia ( Alderetes)', NULL, NULL, 'NULL', 0, 1, 1, 0, 0, '2017-05-10 00:00:00', '2017-05-10 00:00:00'),
(48, 10, 91, 'CZH499', 1999, 'Arzobispado de Tucumán', NULL, NULL, 'uso al Pbro. Jorge Blunda (vendido)', 1, 0, 0, 0, 1, '2017-05-10 00:00:00', '2017-05-10 00:00:00'),
(49, 6, 66, 'CHG124', 1998, 'Monseñor Chavez', 99.99, 133000.00, 'en carpeta de San Antonio de Padua', 1, 0, 0, 0, 0, '2017-05-10 00:00:00', '2017-06-02 12:27:40'),
(50, 2, 40, 'EAT186', 2003, 'Pquia.Cristo Rey( v.m.m.)', 99.99, 90000.00, 'NULL', 1, 1, 0, 0, 0, '2017-05-10 00:00:00', '2017-05-10 00:00:00'),
(51, 1, 7, 'EOF349', 2004, 'Pquia. San José', 99.99, 36000.00, 'en uso por pbro carrazana (devolver a pquia San José )', 1, 0, 0, 1, 0, '2017-05-10 00:00:00', '2017-05-10 00:00:00'),
(52, 6, 66, 'ERE 013', 2004, 'Pquia San Antonio de Padua (Los Ralos)', 99.99, 150000.00, 'NULL', 0, 1, 1, 0, 0, '2017-05-10 00:00:00', '2017-05-10 00:00:00'),
(53, 4, 59, 'ESW 461', 2005, 'Seminario Mayor', 99.99, 70000.00, 'NULL', 0, 1, 1, 0, 0, '2017-05-10 00:00:00', '2017-05-10 00:00:00'),
(54, 4, 54, 'GET 989', NULL, 'Pquia. Ntra. Sra. De Guadalupe', 99.99, 42000.00, 'NULL', 1, 1, 1, 1, 0, '2017-05-10 00:00:00', '2017-05-10 00:00:00'),
(55, 4, 59, 'GHT679', 2009, 'Pquia. Ntra. Sra. Del Rosario ( Burruyacu)', 99.99, 98000.00, 'NULL', 0, 1, 1, 0, 0, '2017-05-10 00:00:00', '2017-05-10 00:00:00'),
(56, 7, 72, 'GHZ 191', 2007, 'Seminario Mayor', 99.99, 155000.00, 'NULL', 1, 1, 1, 0, 0, '2017-05-10 00:00:00', '2017-05-10 00:00:00'),
(57, 10, 90, 'GZC008', 2008, 'Iglesia de la Santa Cruz', 99.99, 46300.00, 'NULL', 1, 1, 1, 1, 0, '2017-05-10 00:00:00', '2017-05-10 00:00:00'),
(58, 10, 91, 'HBK 279', 2008, 'Pquia. Ntra. Sra del Valle(Marcos Paz)', 99.99, 59500.00, 'NULL', 0, 1, 1, 0, 0, '2017-05-10 00:00:00', '2017-05-10 00:00:00'),
(59, 2, 39, 'HFQ 063', NULL, 'Pquia  Monserrat', NULL, NULL, 'congregacion tiene los papeles, exencion en curia', 0, 1, 1, 0, 0, '2017-05-10 00:00:00', '2017-05-10 00:00:00'),
(60, 4, 59, 'IEM386', 2009, 'Pquia. Espíritu Santo (Ranchillos)', 99.99, 115000.00, 'NULL', 0, 1, 1, 1, 0, '2017-05-10 00:00:00', '2017-05-10 00:00:00'),
(61, 6, 65, 'INZ 851', 2010, 'ARZOBISPADO DE TUCUMAN', NULL, NULL, 'PQUIA SAGRADO CORAZÓN DE MARIA', 1, 1, 1, 0, 0, '2017-05-10 00:00:00', '2017-05-10 00:00:00'),
(62, 12, 131, 'KMY 536', 2011, 'En uso del SR Arzobispo', NULL, NULL, 'DESTINO: ARZOBISPADO', 0, 1, 1, 0, 0, '2017-05-10 00:00:00', '2017-05-10 00:00:00'),
(63, 10, 141, 'T104468', NULL, 'Pquia. San José (Bella Vista)', NULL, NULL, 'NULL', 0, 0, 1, 0, 0, '2017-05-10 00:00:00', '2017-05-10 00:00:00'),
(64, 11, 101, 'T105192', 1985, 'Pquia. Cristo Obrero - T. Viejo', NULL, NULL, 'NULL', 1, 0, 0, 0, 0, '2017-05-10 00:00:00', '2017-05-10 00:00:00'),
(65, 10, 82, 'T121474', 1990, 'Pquia. San José', NULL, NULL, 'NULL', 1, 0, 0, 0, 0, '2017-05-10 00:00:00', '2017-05-10 00:00:00'),
(66, 10, 82, 'T122558', 1990, 'Pquia. San Antonio de Padua', NULL, NULL, 'NULL', 0, 0, 0, 1, 0, '2017-05-10 00:00:00', '2017-05-10 00:00:00'),
(67, 1, 145, 'T137143', 1993, 'Pquia. Santo Cristo', NULL, NULL, 'Transferido a Pbro. Espeche Pquia. Nuestra Sra. del Valle (Tafí Viejo) 22/06/2000. Pbro.Galland retiro titulo original (nota 05/2001) . Vendido', 1, 1, 0, 0, 1, '2017-05-10 00:00:00', '2017-05-10 00:00:00'),
(68, 1, 15, 'T139784', 1994, 'Seminario Menor', NULL, NULL, 'NULL', 1, 1, 0, 0, 0, '2017-05-10 00:00:00', '2017-05-10 00:00:00'),
(69, 10, 143, 'T146941', 1994, 'Pquia. San Antonio de Padua', NULL, NULL, 'NULL', 0, 1, 0, 1, 0, '2017-05-10 00:00:00', '2017-05-10 00:00:00'),
(70, 4, 59, 'Tramite', 2000, 'Vicaria del Espíritu Santo', NULL, NULL, 'solo existe el pedido de patentamiento (vendido)', 0, 0, 0, 0, 1, '2017-05-10 00:00:00', '2017-05-10 00:00:00'),
(71, 3, 47, 'TRU357', 1993, 'Lourdistas', NULL, NULL, 'NULL', 1, 1, 0, 0, 0, '2017-05-10 00:00:00', '2017-05-10 00:00:00'),
(72, 11, 123, 'TRU385', 1991, 'Lourdistas', NULL, NULL, 'NULL', 1, 0, 0, 0, 0, '2017-05-10 00:00:00', '2017-05-10 00:00:00'),
(73, 11, 106, 'TYD 557', NULL, 'Pquia. San Francisco Solano ( B.R. Salí )', NULL, NULL, 'NULL', 0, 1, 1, 1, 0, '2017-05-10 00:00:00', '2017-05-10 00:00:00'),
(74, 11, 98, 'TYD 558', NULL, 'Pquia. Sn Francisco Solano ( B.R.Sali )', NULL, NULL, 'NULL', 0, 1, 1, 1, 0, '2017-05-10 00:00:00', '2017-05-10 00:00:00'),
(75, 10, 136, 'TYM493', 1993, 'Lourdistas', NULL, NULL, 'NULL', 1, 1, 0, 0, 0, '2017-05-10 00:00:00', '2017-05-10 00:00:00'),
(76, 10, 82, 'TYM499', 1994, 'Lourdistas', NULL, NULL, 'NULL', 1, 1, 0, 0, 0, '2017-05-10 00:00:00', '2017-05-10 00:00:00'),
(77, 11, 106, 'UGQ256', 1993, 'San Joaquín', 99.99, 58000.00, 'NULL', 1, 1, 0, 0, 0, '2017-05-10 00:00:00', '2017-05-10 00:00:00'),
(78, 3, 138, 'UTO762', 1994, 'Operarios', NULL, NULL, 'NULL', 1, 1, 0, 1, 0, '2017-05-10 00:00:00', '2017-05-10 00:00:00'),
(79, 12, 125, 'UUP779', 1976, 'Pquia. Nstra. Sra. del Rosario', NULL, NULL, 'Tiene certificado de Desguace y Destrucción Nº 00203114', 0, 0, 0, 0, 0, '2017-05-10 00:00:00', '2017-05-10 00:00:00'),
(80, 11, 123, 'UYM112', 1984, 'Pquia. Nstra. Sra. del Carmen (Famaillá)', NULL, NULL, 'comprada en el año 1999', 1, 1, 0, 0, 0, '2017-05-10 00:00:00', '2017-05-10 00:00:00'),
(81, 4, 54, 'VID194', 1991, 'Francisco Quintín Ibáñez', NULL, NULL, 'transferir al pbro ibañez', 1, 0, 0, 0, 0, '2017-05-10 00:00:00', '2017-05-10 00:00:00');

-- --------------------------------------------------------

--
-- Estructura de tabla para la tabla `autos_marcas`
--

CREATE TABLE IF NOT EXISTS `autos_marcas` (
`id` int(11) NOT NULL,
  `descripcion` varchar(60) COLLATE latin1_spanish_ci NOT NULL,
  `created` datetime DEFAULT NULL,
  `modified` datetime DEFAULT NULL
) ENGINE=InnoDB AUTO_INCREMENT=17 DEFAULT CHARSET=latin1 COLLATE=latin1_spanish_ci;

--
-- Volcado de datos para la tabla `autos_marcas`
--

INSERT INTO `autos_marcas` (`id`, `descripcion`, `created`, `modified`) VALUES
(1, 'Fiat', '2017-05-10 00:00:00', '2017-05-10 00:00:00'),
(2, 'Peugeot', '2017-05-10 00:00:00', '2017-05-10 00:00:00'),
(3, 'Volkswagen', '2017-05-10 00:00:00', '2017-05-10 00:00:00'),
(4, 'Chevrolet', '2017-05-10 00:00:00', '2017-05-10 00:00:00'),
(5, 'Honda', '2017-05-10 00:00:00', '2017-05-10 00:00:00'),
(6, 'Toyota', '2017-05-10 00:00:00', '2017-05-10 00:00:00'),
(7, 'Mercedes', '2017-05-10 00:00:00', '2017-05-10 00:00:00'),
(8, 'Hyundai', '2017-05-10 00:00:00', '2017-05-10 00:00:00'),
(9, 'Dodge', '2017-05-10 00:00:00', '2017-05-10 00:00:00'),
(10, 'Renault', '2017-05-10 00:00:00', '2017-05-10 00:00:00'),
(11, 'Ford', '2017-05-10 00:00:00', '2017-05-10 00:00:00'),
(12, 'Citroen', '2017-05-10 00:00:00', '2017-05-10 00:00:00'),
(13, 'FSO', '2017-05-10 00:00:00', '2017-05-10 00:00:00'),
(14, 'Daihatsu', '2017-05-10 00:00:00', '2017-05-10 00:00:00'),
(15, 'Suzuki', '2017-05-10 00:00:00', '2017-05-10 00:00:00'),
(16, 'Imsa IM110E', '2017-05-10 00:00:00', '2017-05-10 00:00:00');

-- --------------------------------------------------------

--
-- Estructura de tabla para la tabla `autos_modelos`
--

CREATE TABLE IF NOT EXISTS `autos_modelos` (
`id` int(11) NOT NULL,
  `auto_marca_id` int(11) NOT NULL,
  `descripcion` varchar(60) COLLATE latin1_spanish_ci NOT NULL,
  `created` datetime DEFAULT NULL,
  `modified` datetime DEFAULT NULL
) ENGINE=InnoDB AUTO_INCREMENT=150 DEFAULT CHARSET=latin1 COLLATE=latin1_spanish_ci;

--
-- Volcado de datos para la tabla `autos_modelos`
--

INSERT INTO `autos_modelos` (`id`, `auto_marca_id`, `descripcion`, `created`, `modified`) VALUES
(1, 1, '147 vivace', '2017-05-10 00:00:00', '2017-05-10 00:00:00'),
(4, 1, '147 TR', '2017-05-10 00:00:00', '2017-05-10 00:00:00'),
(5, 1, '147 Spazio', '2017-05-10 00:00:00', '2017-05-10 00:00:00'),
(6, 1, '128 Super Europa', '2017-05-10 00:00:00', '2017-05-10 00:00:00'),
(7, 1, 'Palio', '2017-05-10 00:00:00', '2017-05-10 00:00:00'),
(8, 1, 'Palio Weekend', '2017-05-10 00:00:00', '2017-05-10 00:00:00'),
(9, 1, 'Palio Adventure', '2017-05-10 00:00:00', '2017-05-10 00:00:00'),
(11, 1, 'Siena', '2017-05-10 00:00:00', '2017-05-10 00:00:00'),
(13, 1, 'Idea', '2017-05-10 00:00:00', '2017-05-10 00:00:00'),
(14, 1, 'Idea Adventure', '2017-05-10 00:00:00', '2017-05-10 00:00:00'),
(15, 1, 'Ducato', '2017-05-10 00:00:00', '2017-05-10 00:00:00'),
(16, 1, 'Uno', '2017-05-10 00:00:00', '2017-05-10 00:00:00'),
(17, 1, 'Uno Fire', '2017-05-10 00:00:00', '2017-05-10 00:00:00'),
(18, 1, 'Marea', '2017-05-10 00:00:00', '2017-05-10 00:00:00'),
(19, 1, 'Stilo', '2017-05-10 00:00:00', '2017-05-10 00:00:00'),
(20, 1, 'Fiorino', '2017-05-10 00:00:00', '2017-05-10 00:00:00'),
(21, 1, 'Strada', '2017-05-10 00:00:00', '2017-05-10 00:00:00'),
(22, 1, 'Strada Adventure', '2017-05-10 00:00:00', '2017-05-10 00:00:00'),
(23, 2, '206', '2017-05-10 00:00:00', '2017-05-10 00:00:00'),
(24, 2, '206 SW', '2017-05-10 00:00:00', '2017-05-10 00:00:00'),
(25, 2, '207', '2017-05-10 00:00:00', '2017-05-10 00:00:00'),
(26, 2, '305', '2017-05-10 00:00:00', '2017-05-10 00:00:00'),
(27, 2, '306', '2017-05-10 00:00:00', '2017-05-10 00:00:00'),
(28, 2, '307', '2017-05-10 00:00:00', '2017-05-10 00:00:00'),
(29, 2, '307 SW', '2017-05-10 00:00:00', '2017-05-10 00:00:00'),
(30, 2, '404', '2017-05-10 00:00:00', '2017-05-10 00:00:00'),
(31, 2, '405', '2017-05-10 00:00:00', '2017-05-10 00:00:00'),
(32, 2, '406', '2017-05-10 00:00:00', '2017-05-10 00:00:00'),
(33, 2, '407', '2017-05-10 00:00:00', '2017-05-10 00:00:00'),
(34, 2, '504', '2017-05-10 00:00:00', '2017-05-10 00:00:00'),
(35, 2, '505', '2017-05-10 00:00:00', '2017-05-10 00:00:00'),
(36, 2, '506', '2017-05-10 00:00:00', '2017-05-10 00:00:00'),
(37, 2, '507', '2017-05-10 00:00:00', '2017-05-10 00:00:00'),
(38, 2, '806', '2017-05-10 00:00:00', '2017-05-10 00:00:00'),
(39, 2, 'Partner', '2017-05-10 00:00:00', '2017-05-10 00:00:00'),
(40, 2, 'Boxer', '2017-05-10 00:00:00', '2017-05-10 00:00:00'),
(41, 2, 'Expert', '2017-05-10 00:00:00', '2017-05-10 00:00:00'),
(42, 3, 'Beetle', '2017-05-10 00:00:00', '2017-05-10 00:00:00'),
(43, 3, 'Bora', '2017-05-10 00:00:00', '2017-05-10 00:00:00'),
(44, 3, 'Caddy', '2017-05-10 00:00:00', '2017-05-10 00:00:00'),
(45, 3, 'CrossFox', '2017-05-10 00:00:00', '2017-05-10 00:00:00'),
(46, 3, 'Fox', '2017-05-10 00:00:00', '2017-05-10 00:00:00'),
(47, 3, 'Gol', '2017-05-10 00:00:00', '2017-05-10 00:00:00'),
(48, 3, 'Golf', '2017-05-10 00:00:00', '2017-05-10 00:00:00'),
(49, 3, 'Passat', '2017-05-10 00:00:00', '2017-05-10 00:00:00'),
(50, 3, 'Polo Classic', '2017-05-10 00:00:00', '2017-05-10 00:00:00'),
(51, 3, 'Saveiro', '2017-05-10 00:00:00', '2017-05-10 00:00:00'),
(52, 3, 'Vento', '2017-05-10 00:00:00', '2017-05-10 00:00:00'),
(53, 4, 'Corsa Clasic', '2017-05-10 00:00:00', '2017-05-10 00:00:00'),
(54, 4, 'Corsa', '2017-05-10 00:00:00', '2017-05-10 00:00:00'),
(55, 4, 'Astra', '2017-05-10 00:00:00', '2017-05-10 00:00:00'),
(56, 4, 'Vectra', '2017-05-10 00:00:00', '2017-05-10 00:00:00'),
(57, 4, 'Meriva', '2017-05-10 00:00:00', '2017-05-10 00:00:00'),
(58, 4, 'Zafira', '2017-05-10 00:00:00', '2017-05-10 00:00:00'),
(59, 4, 'S10', '2017-05-10 00:00:00', '2017-05-10 00:00:00'),
(60, 4, 'Blazer', '2017-05-10 00:00:00', '2017-05-10 00:00:00'),
(61, 5, 'Accord', '2017-05-10 00:00:00', '2017-05-10 00:00:00'),
(62, 5, 'Civic', '2017-05-10 00:00:00', '2017-05-10 00:00:00'),
(63, 5, 'Fit', '2017-05-10 00:00:00', '2017-05-10 00:00:00'),
(64, 5, 'CR-V', '2017-05-10 00:00:00', '2017-05-10 00:00:00'),
(65, 6, 'Corolla', '2017-05-10 00:00:00', '2017-05-10 00:00:00'),
(66, 6, 'Hilux', '2017-05-10 00:00:00', '2017-05-10 00:00:00'),
(67, 6, 'Hilux SW4', '2017-05-10 00:00:00', '2017-05-10 00:00:00'),
(68, 6, 'Rav4', '2017-05-10 00:00:00', '2017-05-10 00:00:00'),
(69, 7, 'Clase A', '2017-05-10 00:00:00', '2017-05-10 00:00:00'),
(70, 7, 'Clase B', '2017-05-10 00:00:00', '2017-05-10 00:00:00'),
(71, 7, 'Clase C', '2017-05-10 00:00:00', '2017-05-10 00:00:00'),
(72, 7, 'Sprinter', '2017-05-10 00:00:00', '2017-05-10 00:00:00'),
(73, 8, 'Atos', '2017-05-10 00:00:00', '2017-05-10 00:00:00'),
(74, 8, 'Atos Prime', '2017-05-10 00:00:00', '2017-05-10 00:00:00'),
(75, 8, 'Sonata', '2017-05-10 00:00:00', '2017-05-10 00:00:00'),
(76, 8, 'Elantra', '2017-05-10 00:00:00', '2017-05-10 00:00:00'),
(77, 8, 'Terracan', '2017-05-10 00:00:00', '2017-05-10 00:00:00'),
(78, 8, 'Tucson', '2017-05-10 00:00:00', '2017-05-10 00:00:00'),
(79, 8, 'Santa Fe', '2017-05-10 00:00:00', '2017-05-10 00:00:00'),
(80, 9, '1500', '2017-05-10 00:00:00', '2017-05-10 00:00:00'),
(81, 9, 'RAM (camioneta)', '2017-05-10 00:00:00', '2017-05-10 00:00:00'),
(82, 10, '12 TL', '2017-05-10 00:00:00', '2017-05-10 00:00:00'),
(83, 10, '9', '2017-05-10 00:00:00', '2017-05-10 00:00:00'),
(84, 10, '19', '2017-05-10 00:00:00', '2017-05-10 00:00:00'),
(85, 10, '21', '2017-05-10 00:00:00', '2017-05-10 00:00:00'),
(86, 10, 'Megane 4 puertas', '2017-05-10 00:00:00', '2017-05-10 00:00:00'),
(87, 10, 'Megane Scenic', '2017-05-10 00:00:00', '2017-05-10 00:00:00'),
(88, 10, 'Clio 3 puertas', '2017-05-10 00:00:00', '2017-05-10 00:00:00'),
(89, 10, 'Clio 4 puertas', '2017-05-10 00:00:00', '2017-05-10 00:00:00'),
(90, 10, 'Clio 5 puertas', '2017-05-10 00:00:00', '2017-05-10 00:00:00'),
(91, 10, 'Kangoo', '2017-05-10 00:00:00', '2017-05-10 00:00:00'),
(92, 10, 'Kangoo Sportway', '2017-05-10 00:00:00', '2017-05-10 00:00:00'),
(93, 10, 'Megane 5 puertas', '2017-05-10 00:00:00', '2017-05-10 00:00:00'),
(94, 10, 'Megane II 4 puertas', '2017-05-10 00:00:00', '2017-05-10 00:00:00'),
(95, 10, 'Megane II 5 puertas', '2017-05-10 00:00:00', '2017-05-10 00:00:00'),
(96, 10, 'Megane', '2017-05-10 00:00:00', '2017-05-10 00:00:00'),
(97, 10, 'Laguna', '2017-05-10 00:00:00', '2017-05-10 00:00:00'),
(98, 11, 'Falcon 2.3', '2017-05-10 00:00:00', '2017-05-10 00:00:00'),
(99, 11, 'Falcon 3.0', '2017-05-10 00:00:00', '2017-05-10 00:00:00'),
(100, 11, 'Falcon 3.6', '2017-05-10 00:00:00', '2017-05-10 00:00:00'),
(101, 11, 'Falcon rural', '2017-05-10 00:00:00', '2017-05-10 00:00:00'),
(102, 11, 'Taunus', '2017-05-10 00:00:00', '2017-05-10 00:00:00'),
(103, 11, 'Escort', '2017-05-10 00:00:00', '2017-05-10 00:00:00'),
(104, 11, 'Fiesta', '2017-05-10 00:00:00', '2017-05-10 00:00:00'),
(105, 11, 'Galaxy', '2017-05-10 00:00:00', '2017-05-10 00:00:00'),
(106, 11, 'F100', '2017-05-10 00:00:00', '2017-05-10 00:00:00'),
(107, 11, 'F100 doble cabina', '2017-05-10 00:00:00', '2017-05-10 00:00:00'),
(108, 11, 'F150', '2017-05-10 00:00:00', '2017-05-10 00:00:00'),
(109, 11, 'F350', '2017-05-10 00:00:00', '2017-05-10 00:00:00'),
(110, 11, 'Ka', '2017-05-10 00:00:00', '2017-05-10 00:00:00'),
(111, 11, 'Ka Tatoo', '2017-05-10 00:00:00', '2017-05-10 00:00:00'),
(112, 11, 'Ka MP3', '2017-05-10 00:00:00', '2017-05-10 00:00:00'),
(113, 11, 'Ranger', '2017-05-10 00:00:00', '2017-05-10 00:00:00'),
(114, 11, 'Ranger doble cabina', '2017-05-10 00:00:00', '2017-05-10 00:00:00'),
(115, 11, 'Ranger doble cabina 4x4', '2017-05-10 00:00:00', '2017-05-10 00:00:00'),
(116, 11, 'Focus 4 puertas', '2017-05-10 00:00:00', '2017-05-10 00:00:00'),
(117, 11, 'Focus 5 puertas', '2017-05-10 00:00:00', '2017-05-10 00:00:00'),
(118, 11, 'EcoSport', '2017-05-10 00:00:00', '2017-05-10 00:00:00'),
(119, 11, 'EcoSport 4x4', '2017-05-10 00:00:00', '2017-05-10 00:00:00'),
(120, 11, 'Fiesta Max', '2017-05-10 00:00:00', '2017-05-10 00:00:00'),
(121, 11, 'Mondeo', '2017-05-10 00:00:00', '2017-05-10 00:00:00'),
(122, 10, '18', '2017-05-10 00:00:00', '2017-05-10 00:00:00'),
(123, 11, 'Pick-Up Ranchero', '2017-05-10 00:00:00', '2017-05-10 00:00:00'),
(124, 12, '2CV', '2017-05-10 00:00:00', '2017-05-10 00:00:00'),
(125, 12, '3CV', '2017-05-10 00:00:00', '2017-05-10 00:00:00'),
(126, 12, 'Xsara', '2017-05-10 00:00:00', '2017-05-10 00:00:00'),
(127, 12, 'Xsara Picasso', '2017-05-10 00:00:00', '2017-05-10 00:00:00'),
(128, 12, 'Xantia', '2017-05-10 00:00:00', '2017-05-10 00:00:00'),
(129, 12, 'Saxo', '2017-05-10 00:00:00', '2017-05-10 00:00:00'),
(130, 12, 'C3', '2017-05-10 00:00:00', '2017-05-10 00:00:00'),
(131, 12, 'C4', '2017-05-10 00:00:00', '2017-05-10 00:00:00'),
(132, 12, 'C4 Picasso', '2017-05-10 00:00:00', '2017-05-10 00:00:00'),
(133, 12, 'C5', '2017-05-10 00:00:00', '2017-05-10 00:00:00'),
(134, 13, 'Pick-up 1.9', '2017-05-10 00:00:00', '2017-05-10 00:00:00'),
(135, 10, 'Traffic corta', '2017-05-10 00:00:00', '2017-05-10 00:00:00'),
(136, 10, 'Traffic larga', '2017-05-10 00:00:00', '2017-05-10 00:00:00'),
(137, 14, 'Piaggio', '2017-05-10 00:00:00', '2017-05-10 00:00:00'),
(138, 3, 'Senda', '2017-05-10 00:00:00', '2017-05-10 00:00:00'),
(139, 10, 'pick-up Rodeo', '2017-05-10 00:00:00', '2017-05-10 00:00:00'),
(140, 9, 'Microomnibus', '2017-05-10 00:00:00', '2017-05-10 00:00:00'),
(141, 10, '4L', '2017-05-10 00:00:00', '2017-05-10 00:00:00'),
(142, 10, '6', '2017-05-10 00:00:00', '2017-05-10 00:00:00'),
(143, 10, '11', '2017-05-10 00:00:00', '2017-05-10 00:00:00'),
(145, 1, 'Duna S', '2017-05-10 00:00:00', '2017-05-10 00:00:00'),
(146, 1, 'Duna D', '2017-05-10 00:00:00', '2017-05-10 00:00:00'),
(147, 11, 'Furgon Courier', '2017-05-10 00:00:00', '2017-05-10 00:00:00'),
(148, 15, '*** desconocido', '2017-05-10 00:00:00', '2017-05-10 00:00:00'),
(149, 16, '*** desconocido', '2017-05-10 00:00:00', '2017-05-10 00:00:00');

-- --------------------------------------------------------

--
-- Estructura de tabla para la tabla `documents`
--

CREATE TABLE IF NOT EXISTS `documents` (
`id` int(11) NOT NULL,
  `controller` varchar(100) COLLATE latin1_spanish_ci NOT NULL,
  `controller_id` int(11) NOT NULL,
  `user_id` int(11) NOT NULL,
  `name` varchar(100) COLLATE latin1_spanish_ci NOT NULL,
  `filename` varchar(100) COLLATE latin1_spanish_ci NOT NULL,
  `filepath` varchar(250) COLLATE latin1_spanish_ci NOT NULL,
  `modified` datetime NOT NULL,
  `created` datetime NOT NULL
) ENGINE=InnoDB AUTO_INCREMENT=2 DEFAULT CHARSET=latin1 COLLATE=latin1_spanish_ci;

--
-- Volcado de datos para la tabla `documents`
--

INSERT INTO `documents` (`id`, `controller`, `controller_id`, `user_id`, `name`, `filename`, `filepath`, `modified`, `created`) VALUES
(1, 'Protocolos', 5, 1, 'primer archivo', '2016-0162.sql', '/var/www/html/arzoLTE/webroot/files/Protocolos/bautismos/rectificaciones', '2017-09-21 11:49:34', '2017-09-21 11:49:34');

-- --------------------------------------------------------

--
-- Estructura de tabla para la tabla `funciones`
--

CREATE TABLE IF NOT EXISTS `funciones` (
`id` int(11) NOT NULL,
  `descripcion` varchar(60) COLLATE latin1_spanish_ci NOT NULL,
  `created` datetime DEFAULT NULL,
  `modified` datetime DEFAULT NULL
) ENGINE=InnoDB AUTO_INCREMENT=132 DEFAULT CHARSET=latin1 COLLATE=latin1_spanish_ci;

--
-- Volcado de datos para la tabla `funciones`
--

INSERT INTO `funciones` (`id`, `descripcion`, `created`, `modified`) VALUES
(1, '** no definida **', '2017-05-10 00:00:00', '2017-05-10 00:00:00'),
(2, 'A Cargo de la Arquidiocesis', '2017-05-10 00:00:00', '2017-05-10 00:00:00'),
(3, 'A Cargo de la Cuasiparroquia', '2017-05-10 00:00:00', '2017-05-10 00:00:00'),
(4, 'A Cargo de la Parroquia', '2017-05-10 00:00:00', '2017-05-10 00:00:00'),
(5, 'A Cargo de Parroquia', '2017-05-10 00:00:00', '2017-05-10 00:00:00'),
(6, 'Administrador Clave Fiscal', '2017-05-10 00:00:00', '2017-05-10 00:00:00'),
(7, 'Administrador Parroquial', '2017-05-10 00:00:00', '2017-05-10 00:00:00'),
(8, 'Adminstrador Parroquial', '2017-05-10 00:00:00', '2017-05-10 00:00:00'),
(9, 'Adscripto', '2017-05-10 00:00:00', '2017-05-10 00:00:00'),
(10, 'Arzobispo Metropolitano', '2017-05-10 00:00:00', '2017-05-10 00:00:00'),
(11, 'Asesor', '2017-05-10 00:00:00', '2017-05-10 00:00:00'),
(12, 'Asesor Delegado', '2017-05-10 00:00:00', '2017-05-10 00:00:00'),
(13, 'Asesor Espiritual', '2017-05-10 00:00:00', '2017-05-10 00:00:00'),
(14, 'Asesor Movimiento Familiar Cristiano MFC', '2017-05-10 00:00:00', '2017-05-10 00:00:00'),
(15, 'Auxiliar de la Curia', '2017-05-10 00:00:00', '2017-05-10 00:00:00'),
(16, 'Bibliotecario', '2017-05-10 00:00:00', '2017-05-10 00:00:00'),
(17, 'Canciller', '2017-05-10 00:00:00', '2017-05-10 00:00:00'),
(18, 'Canónigo Diácono I', '2017-05-10 00:00:00', '2017-05-10 00:00:00'),
(19, 'Canónigo Diácono II', '2017-05-10 00:00:00', '2017-05-10 00:00:00'),
(20, 'Canónigo Teologal', '2017-05-10 00:00:00', '2017-05-10 00:00:00'),
(21, 'Capellan', '2017-05-10 00:00:00', '2017-05-10 00:00:00'),
(22, 'Capellan Asistencial', '2017-05-10 00:00:00', '2017-05-10 00:00:00'),
(23, 'Capellan Castrense Auxiliar', '2017-05-10 00:00:00', '2017-05-10 00:00:00'),
(24, 'Capellan Congregaciones Religiosas', '2017-05-10 00:00:00', '2017-05-10 00:00:00'),
(25, 'Capellán Congregaciones Religiosas', '2017-05-10 00:00:00', '2017-05-10 00:00:00'),
(26, 'Capellan Educativa', '2017-05-10 00:00:00', '2017-05-10 00:00:00'),
(27, 'Capellan Estado', '2017-05-10 00:00:00', '2017-05-10 00:00:00'),
(28, 'Capellan Hospital', '2017-05-10 00:00:00', '2017-05-10 00:00:00'),
(29, 'Chantre', '2017-05-10 00:00:00', '2017-05-10 00:00:00'),
(30, 'Colaborador', '2017-05-10 00:00:00', '2017-05-10 00:00:00'),
(31, 'Colaborador Pastoral', '2017-05-10 00:00:00', '2017-05-10 00:00:00'),
(32, 'Confesor Ordinario', '2017-05-10 00:00:00', '2017-05-10 00:00:00'),
(33, 'Confesor y Moderador Espiritual', '2017-05-10 00:00:00', '2017-05-10 00:00:00'),
(34, 'Consultor Juridico', '2017-05-10 00:00:00', '2017-05-10 00:00:00'),
(35, 'Cooperador Ministerial', '2017-05-10 00:00:00', '2017-05-10 00:00:00'),
(36, 'Cuasiparroco', '2017-05-10 00:00:00', '2017-05-10 00:00:00'),
(37, 'Dean', '2017-05-10 00:00:00', '2017-05-10 00:00:00'),
(38, 'Decano', '2017-05-10 00:00:00', '2017-05-10 00:00:00'),
(39, 'Decano Representante', '2017-05-10 00:00:00', '2017-05-10 00:00:00'),
(40, 'Defensor del Vinculo', '2017-05-10 00:00:00', '2017-05-10 00:00:00'),
(41, 'Delegado', '2017-05-10 00:00:00', '2017-05-10 00:00:00'),
(42, 'Diácono', '2017-05-10 00:00:00', '2017-05-10 00:00:00'),
(43, 'Diácono Colaborador', '2017-05-10 00:00:00', '2017-05-10 00:00:00'),
(44, 'Director', '2017-05-10 00:00:00', '2017-05-10 00:00:00'),
(45, 'Director Arquidiocesano', '2017-05-10 00:00:00', '2017-05-10 00:00:00'),
(46, 'Director de Estudios', '2017-05-10 00:00:00', '2017-05-10 00:00:00'),
(47, 'Director Espiritual', '2017-05-10 00:00:00', '2017-05-10 00:00:00'),
(48, 'Encargado', '2017-05-10 00:00:00', '2017-05-10 00:00:00'),
(49, 'Estudiando en BS AS', '2017-05-10 00:00:00', '2017-05-10 00:00:00'),
(50, 'Estudiando en Roma', '2017-05-10 00:00:00', '2017-05-10 00:00:00'),
(51, 'Formador', '2017-05-10 00:00:00', '2017-05-10 00:00:00'),
(52, 'Fuera de la Arquidiócesis', '2017-05-10 00:00:00', '2017-05-10 00:00:00'),
(53, 'Instructor', '2017-05-10 00:00:00', '2017-05-10 00:00:00'),
(54, 'Integrante Consejo de Órdenes y Ministerios', '2017-05-10 00:00:00', '2017-05-10 00:00:00'),
(55, 'Integrante Consejo Pastoral Arquidiocesano', '2017-05-10 00:00:00', '2017-05-10 00:00:00'),
(56, 'Integrante Consejo Presbiteral', '2017-05-10 00:00:00', '2017-05-10 00:00:00'),
(57, 'Integrante del Colegio de Consultores', '2017-05-10 00:00:00', '2017-05-10 00:00:00'),
(58, 'Integrante Equipo Arquidiocesano de Formacion del Clero', '2017-05-10 00:00:00', '2017-05-10 00:00:00'),
(59, 'Integrante Tribunal Examinador', '2017-05-10 00:00:00', '2017-05-10 00:00:00'),
(60, 'Juez', '2017-05-10 00:00:00', '2017-05-10 00:00:00'),
(61, 'Juez Instructor', '2017-05-10 00:00:00', '2017-05-10 00:00:00'),
(62, 'Licencia Ministerial', '2017-05-10 00:00:00', '2017-05-10 00:00:00'),
(63, 'Maestro de Ceremonias', '2017-05-10 00:00:00', '2017-05-10 00:00:00'),
(64, 'Miembro', '2017-05-10 00:00:00', '2017-05-10 00:00:00'),
(65, 'Miembro Colegio de Consultores', '2017-05-10 00:00:00', '2017-05-10 00:00:00'),
(66, 'Miembro Consejo Presbiteral', '2017-05-10 00:00:00', '2017-05-10 00:00:00'),
(67, 'Miembro de la Comisión', '2017-05-10 00:00:00', '2017-05-10 00:00:00'),
(68, 'Miembro de Pastoral Arquidiocesano', '2017-05-10 00:00:00', '2017-05-10 00:00:00'),
(69, 'Miembro del Colegio de Consultores', '2017-05-10 00:00:00', '2017-05-10 00:00:00'),
(70, 'Miembro del Consejo', '2017-05-10 00:00:00', '2017-05-10 00:00:00'),
(71, 'Miembro del Consejo de Consultores', '2017-05-10 00:00:00', '2017-05-10 00:00:00'),
(72, 'Miembro del Consejo Presbiteral', '2017-05-10 00:00:00', '2017-05-10 00:00:00'),
(73, 'Miembro Tribunal Examinador', '2017-05-10 00:00:00', '2017-05-10 00:00:00'),
(74, 'Moderador de la Curia', '2017-05-10 00:00:00', '2017-05-10 00:00:00'),
(75, 'Notario', '2017-05-10 00:00:00', '2017-05-10 00:00:00'),
(76, 'Parroco', '2017-05-10 00:00:00', '2017-05-10 00:00:00'),
(77, 'Parroco Consultor', '2017-05-10 00:00:00', '2017-05-10 00:00:00'),
(78, 'Parroco Emérito', '2017-05-10 00:00:00', '2017-05-10 00:00:00'),
(79, 'Presidente', '2017-05-10 00:00:00', '2017-05-10 00:00:00'),
(80, 'Presidir', '2017-05-10 00:00:00', '2017-05-10 00:00:00'),
(81, 'Pro-Canciller', '2017-05-10 00:00:00', '2017-05-10 00:00:00'),
(82, 'Profesor de Antropologia', '2017-05-10 00:00:00', '2017-05-10 00:00:00'),
(83, 'Profesor de Antropologia Filosofica', '2017-05-10 00:00:00', '2017-05-10 00:00:00'),
(84, 'Profesor de Doctrina de la Iglesia', '2017-05-10 00:00:00', '2017-05-10 00:00:00'),
(85, 'Profesor de Filosofia', '2017-05-10 00:00:00', '2017-05-10 00:00:00'),
(86, 'Profesor de Filosofia Social', '2017-05-10 00:00:00', '2017-05-10 00:00:00'),
(87, 'Profesor de Filosofia y Latín', '2017-05-10 00:00:00', '2017-05-10 00:00:00'),
(88, 'Profesor de Historia de la Cultura', '2017-05-10 00:00:00', '2017-05-10 00:00:00'),
(89, 'Profesor de Historia de la Filosofia', '2017-05-10 00:00:00', '2017-05-10 00:00:00'),
(90, 'Profesor de Latín y Sociologia', '2017-05-10 00:00:00', '2017-05-10 00:00:00'),
(91, 'Profesor de Logica', '2017-05-10 00:00:00', '2017-05-10 00:00:00'),
(92, 'Profesor de Ontologia y Gnoseologo', '2017-05-10 00:00:00', '2017-05-10 00:00:00'),
(93, 'Profesor de Teologia Moral', '2017-05-10 00:00:00', '2017-05-10 00:00:00'),
(94, 'Profesor Sociologia', '2017-05-10 00:00:00', '2017-05-10 00:00:00'),
(95, 'Promotor de Justicia', '2017-05-10 00:00:00', '2017-05-10 00:00:00'),
(96, 'Pro-Vicario Gral', '2017-05-10 00:00:00', '2017-05-10 00:00:00'),
(97, 'Rector', '2017-05-10 00:00:00', '2017-05-10 00:00:00'),
(98, 'Rector Interino', '2017-05-10 00:00:00', '2017-05-10 00:00:00'),
(99, 'Rector Suplemente', '2017-05-10 00:00:00', '2017-05-10 00:00:00'),
(100, 'Representante ', '2017-05-10 00:00:00', '2017-05-10 00:00:00'),
(101, 'Representante Consejo de Pastoral', '2017-05-10 00:00:00', '2017-05-10 00:00:00'),
(102, 'Representante Legal', '2017-05-10 00:00:00', '2017-05-10 00:00:00'),
(103, 'Representante Legal Emerito', '2017-05-10 00:00:00', '2017-05-10 00:00:00'),
(104, 'Representante Titular por Pastoral', '2017-05-10 00:00:00', '2017-05-10 00:00:00'),
(105, 'Reside en Arquidiócesis de Bs As por Estudio', '2017-05-10 00:00:00', '2017-05-10 00:00:00'),
(106, 'Responsable', '2017-05-10 00:00:00', '2017-05-10 00:00:00'),
(107, 'Secretario', '2017-05-10 00:00:00', '2017-05-10 00:00:00'),
(108, 'Secretario Administrativo', '2017-05-10 00:00:00', '2017-05-10 00:00:00'),
(109, 'Secretario del Arzobispo', '2017-05-10 00:00:00', '2017-05-10 00:00:00'),
(110, 'Secretario del Canciller', '2017-05-10 00:00:00', '2017-05-10 00:00:00'),
(111, 'Secretario del Sr. Obispo', '2017-05-10 00:00:00', '2017-05-10 00:00:00'),
(112, 'Tesorero', '2017-05-10 00:00:00', '2017-05-10 00:00:00'),
(113, 'Tribunal Examinador', '2017-05-10 00:00:00', '2017-05-10 00:00:00'),
(114, 'Tutor', '2017-05-10 00:00:00', '2017-05-10 00:00:00'),
(115, 'Viaje a Europa por el Año Sacerdotal', '2017-05-10 00:00:00', '2017-05-10 00:00:00'),
(116, 'Vicario Cooperador', '2017-05-10 00:00:00', '2017-05-10 00:00:00'),
(117, 'Vicario Episcopal', '2017-05-10 00:00:00', '2017-05-10 00:00:00'),
(118, 'Vicario Episcopal para la Educacion', '2017-05-10 00:00:00', '2017-05-10 00:00:00'),
(119, 'Vicario General', '2017-05-10 00:00:00', '2017-05-10 00:00:00'),
(120, 'Vicario General de la Arquidiocesis', '2017-05-10 00:00:00', '2017-05-10 00:00:00'),
(121, 'Vicario Judicial', '2017-05-10 00:00:00', '2017-05-10 00:00:00'),
(122, 'Vicario Judicial Adjunto', '2017-05-10 00:00:00', '2017-05-10 00:00:00'),
(123, 'Vicario para la Educacion', '2017-05-10 00:00:00', '2017-05-10 00:00:00'),
(124, 'Vicario Parroquial', '2017-05-10 00:00:00', '2017-05-10 00:00:00'),
(125, 'Vicario Parroquial Sustituto', '2017-05-10 00:00:00', '2017-05-10 00:00:00'),
(126, 'Vicario Sustituto', '2017-05-10 00:00:00', '2017-05-10 00:00:00'),
(127, 'Viceasesor', '2017-05-10 00:00:00', '2017-05-10 00:00:00'),
(128, 'Vicecanciller', '2017-05-10 00:00:00', '2017-05-10 00:00:00'),
(129, 'Vicedirector', '2017-05-10 00:00:00', '2017-05-10 00:00:00'),
(130, 'Vicepresidente', '2017-05-10 00:00:00', '2017-05-10 00:00:00'),
(131, 'Vicerector', '2017-05-10 00:00:00', '2017-05-10 00:00:00');

-- --------------------------------------------------------

--
-- Estructura de tabla para la tabla `funcion_sacerdote_institucion`
--

CREATE TABLE IF NOT EXISTS `funcion_sacerdote_institucion` (
`id` int(11) NOT NULL,
  `funcion_id` int(11) NOT NULL,
  `sacerdote_id` int(11) NOT NULL,
  `institucion_id` int(11) NOT NULL,
  `protocolo` varchar(8) COLLATE latin1_spanish_ci DEFAULT NULL,
  `falta` datetime DEFAULT NULL,
  `fbaja` datetime DEFAULT NULL,
  `orden` int(11) DEFAULT NULL,
  `created` date DEFAULT NULL,
  `modified` date DEFAULT NULL,
  `file_name` varchar(150) COLLATE latin1_spanish_ci DEFAULT NULL,
  `file_dir` varchar(255) COLLATE latin1_spanish_ci DEFAULT NULL
) ENGINE=InnoDB AUTO_INCREMENT=1199 DEFAULT CHARSET=latin1 COLLATE=latin1_spanish_ci;

--
-- Volcado de datos para la tabla `funcion_sacerdote_institucion`
--

INSERT INTO `funcion_sacerdote_institucion` (`id`, `funcion_id`, `sacerdote_id`, `institucion_id`, `protocolo`, `falta`, `fbaja`, `orden`, `created`, `modified`, `file_name`, `file_dir`) VALUES
(1, 35, 1, 192, '1234', '2017-03-16 00:00:00', NULL, 1, '2017-05-10', '2017-05-10', '', ''),
(2, 52, 1, 82, '1234/56', '2008-12-26 00:00:00', '2011-12-25 00:00:00', 2, '2017-05-10', '2017-05-10', '', '409e7285-4056-43a8-b2ce-29f53bc64d10'),
(3, 8, 2, 224, '647/91', '1991-12-14 00:00:00', '2000-03-20 00:00:00', 1, '2017-05-10', '2017-05-10', 'arzobispado.sql', '2'),
(4, 8, 2, 239, '158/06', '2006-04-22 00:00:00', NULL, 1, '2017-05-10', '2017-05-10', 'arzobispado.sql', 'cd0523bf-560d-4c4a-b0e0-4094a012e428'),
(5, 8, 2, 239, '794/85', '1986-02-01 00:00:00', '1986-02-15 00:00:00', 1, '2017-05-10', '2017-05-10', 'arzobispado.sql', '2'),
(7, 11, 2, 16, '676/87', '1987-10-13 00:00:00', NULL, 2, '2017-05-10', '2017-05-10', NULL, NULL),
(9, 38, 2, 78, '468/09', '2009-08-01 00:00:00', '2012-08-01 00:00:00', 2, '2017-05-10', '2017-05-10', NULL, NULL),
(10, 38, 2, 79, '551/00', '2000-08-01 00:00:00', '2003-07-31 00:00:00', 2, '2017-05-10', '2017-05-10', NULL, NULL),
(11, 55, 2, 63, '339/10', '2010-05-03 00:00:00', '2013-05-03 00:00:00', 2, '2017-05-10', '2017-05-10', NULL, NULL),
(12, 56, 2, 64, '11/106', '2011-11-22 00:00:00', '2012-03-31 00:00:00', 2, '2017-05-10', '2017-05-10', NULL, NULL),
(13, 56, 2, 65, '468/09', '2009-07-01 00:00:00', '2012-06-30 00:00:00', 2, '2017-05-10', '2017-05-10', NULL, NULL),
(14, 64, 2, 64, '552/00', '2000-08-01 00:00:00', '2003-07-31 00:00:00', 2, '2017-05-10', '2017-05-10', NULL, NULL),
(15, 76, 2, 224, '258/00', '2000-03-20 00:00:00', '2006-03-19 00:00:00', 1, '2017-05-10', '2017-05-10', NULL, NULL),
(16, 102, 2, 43, '656/91', '1991-12-13 00:00:00', '2001-10-05 00:00:00', 2, '2017-05-10', '2017-05-10', NULL, NULL),
(17, 102, 2, 43, '655/91', '1991-12-13 00:00:00', '2001-10-05 00:00:00', 2, '2017-05-10', '2017-05-10', NULL, NULL),
(19, 102, 2, 101, '657/91', '1991-12-13 00:00:00', '2006-03-19 00:00:00', 2, '2017-05-10', '2017-05-10', NULL, NULL),
(20, 124, 2, 192, '736/85', '1986-03-03 00:00:00', NULL, 1, '2017-05-10', '2017-05-10', 'continuar', '2'),
(21, 124, 2, 217, '048/89', '1989-03-04 00:00:00', NULL, 1, '2017-05-10', '2017-05-10', 'Array', NULL),
(22, 124, 2, 238, '122/89', '1989-04-21 00:00:00', NULL, 1, '2017-05-10', '2017-05-10', NULL, NULL),
(23, 124, 2, 226, '006/87', '1987-03-01 00:00:00', NULL, 1, '2017-05-10', '2017-05-10', 'arzobispado.sql', '2'),
(24, 8, 3, 160, '177/07', '2007-03-18 00:00:00', '2007-12-20 00:00:00', 1, '2017-05-10', '2017-05-10', NULL, NULL),
(25, 11, 3, 249, '154/05', '2005-03-21 00:00:00', NULL, 2, '2017-05-10', '2017-05-10', NULL, NULL),
(26, 28, 3, 127, '631/05', '2005-10-28 00:00:00', NULL, 2, '2017-05-10', '2017-05-10', NULL, NULL),
(27, 51, 3, 244, '050/03', '2003-02-03 00:00:00', '2007-03-18 00:00:00', 1, '2017-05-10', '2017-05-10', NULL, NULL),
(28, 76, 3, 160, '732/07', '2007-12-21 00:00:00', '2013-12-20 00:00:00', 1, '2017-05-10', '2017-05-10', NULL, NULL),
(29, 124, 3, 241, '670/00', '2000-10-29 00:00:00', '2003-02-03 00:00:00', 1, '2017-05-10', '2017-05-10', 'arzobispado.sql', '3'),
(30, 7, 4, 150, '482/04', '2004-08-22 00:00:00', '2005-03-05 00:00:00', 1, '2017-05-10', '2017-05-10', NULL, NULL),
(31, 8, 4, 219, '706/96', '1996-07-15 00:00:00', '1996-08-23 00:00:00', 1, '2017-05-10', '2017-05-10', NULL, NULL),
(32, 38, 4, 80, '467/09', '2009-08-01 00:00:00', '2012-08-01 00:00:00', 2, '2017-05-10', '2017-05-10', NULL, NULL),
(33, 56, 4, 65, '468/09', '2009-08-01 00:00:00', '2012-07-31 00:00:00', 2, '2017-05-10', '2017-05-10', NULL, NULL),
(34, 76, 4, 150, '523/98', '1998-08-22 00:00:00', '2004-08-21 00:00:00', 1, '2017-05-10', '2017-05-10', NULL, NULL),
(35, 76, 4, 161, '101/05', '2005-03-05 00:00:00', '2011-03-03 00:00:00', 1, '2017-05-10', '2017-05-10', NULL, NULL),
(36, 76, 4, 233, '717/10', '2011-03-03 00:00:00', '2017-03-02 00:00:00', 1, '2017-05-10', '2017-05-10', NULL, NULL),
(37, 102, 4, 103, '343/00', '2000-04-25 00:00:00', '2003-10-13 00:00:00', 2, '2017-05-10', '2017-05-10', NULL, NULL),
(38, 124, 4, 132, '013/96', '1996-02-01 00:00:00', '1996-08-21 00:00:00', 1, '2017-05-10', '2017-05-10', NULL, NULL),
(39, 124, 4, 150, '751/96', '1996-08-22 00:00:00', '1998-08-21 00:00:00', 1, '2017-05-10', '2017-05-10', NULL, NULL),
(40, 124, 4, 158, '079/93', '1993-03-29 00:00:00', '1996-02-01 00:00:00', 1, '2017-05-10', '2017-05-10', NULL, NULL),
(41, 127, 4, 164, '141/96', '1996-04-15 00:00:00', '1996-12-11 00:00:00', 2, '2017-05-10', '2017-05-10', NULL, NULL),
(42, 7, 5, 219, '593/08', '2008-12-04 00:00:00', NULL, 2, '2017-05-10', '2017-05-10', NULL, NULL),
(43, 22, 5, 124, '599/93', '1993-10-20 00:00:00', '1996-04-09 00:00:00', 2, '2017-05-10', '2017-05-10', NULL, NULL),
(44, 27, 5, 248, '246/01', '2009-05-01 00:00:00', NULL, 2, '2017-05-10', '2017-05-10', NULL, NULL),
(45, 28, 5, 126, '166/99', '1999-03-08 00:00:00', NULL, 2, '2017-05-10', '2017-05-10', NULL, NULL),
(46, 38, 5, 79, '395/03', '2003-08-01 00:00:00', '2006-07-31 00:00:00', 2, '2017-05-10', '2017-05-10', NULL, NULL),
(47, 64, 5, 64, '397/03', '2003-08-01 00:00:00', '2006-07-31 00:00:00', 2, '2017-05-10', '2017-05-10', NULL, NULL),
(48, 76, 5, 177, '644/08', '2009-02-21 00:00:00', '2015-02-20 00:00:00', 1, '2017-05-10', '2017-05-10', NULL, NULL),
(49, 76, 5, 186, '763/00', '2000-12-28 00:00:00', NULL, 2, '2017-05-10', '2017-05-10', NULL, NULL),
(50, 76, 5, 219, '613/02', '2002-12-28 00:00:00', '2008-12-27 00:00:00', 1, '2017-05-10', '2017-05-10', NULL, NULL),
(51, 102, 5, 138, '279/05', '2005-05-13 00:00:00', '2006-05-12 00:00:00', 2, '2017-05-10', '2017-05-10', NULL, NULL),
(52, 102, 5, 138, '321/06', '2006-05-13 00:00:00', '2007-05-12 00:00:00', 2, '2017-05-10', '2017-05-10', NULL, NULL),
(53, 124, 5, 84, '649/98', '1998-12-14 00:00:00', '2000-03-27 00:00:00', 1, '2017-05-10', '2017-05-10', NULL, NULL),
(54, 124, 5, 85, '279/2000', '2000-03-27 00:00:00', '2000-08-08 00:00:00', 1, '2017-05-10', '2017-05-10', NULL, NULL),
(55, 124, 5, 132, '932/96', '1996-11-19 00:00:00', '1998-12-14 00:00:00', 1, '2017-05-10', '2017-05-10', NULL, NULL),
(56, 124, 5, 150, '563/00', '2000-08-08 00:00:00', '2002-12-28 00:00:00', 1, '2017-05-10', '2017-05-10', NULL, NULL),
(57, 124, 5, 188, '077/93', '1993-03-29 00:00:00', '1996-03-04 00:00:00', 1, '2017-05-10', '2017-05-10', NULL, NULL),
(58, 125, 5, 159, '073/96', '1996-03-04 00:00:00', '1996-11-19 00:00:00', 1, '2017-05-10', '2017-05-10', NULL, NULL),
(59, 127, 5, 15, '497/93', '1993-08-27 00:00:00', '1996-08-31 00:00:00', 2, '2017-05-10', '2017-05-10', NULL, NULL),
(60, 127, 5, 249, '336/98', '1998-05-08 00:00:00', '2000-05-09 00:00:00', 2, '2017-05-10', '2017-05-10', NULL, NULL),
(61, 127, 5, 249, '567/00', '2000-08-08 00:00:00', '2003-05-19 00:00:00', 2, '2017-05-10', '2017-05-10', NULL, NULL),
(62, 7, 6, 169, '293/65', '1965-05-01 00:00:00', '2006-03-31 00:00:00', 1, '2017-05-10', '2017-05-10', NULL, NULL),
(63, 11, 6, 147, '265/87', '1987-05-15 00:00:00', NULL, 2, '2017-05-10', '2017-05-10', NULL, NULL),
(64, 26, 6, 40, '218/84', '1984-04-18 00:00:00', NULL, 2, '2017-05-10', '2017-05-10', NULL, NULL),
(65, 30, 6, 55, '100/88', '1988-03-23 00:00:00', '1991-03-22 00:00:00', 2, '2017-05-10', '2017-05-10', NULL, NULL),
(66, 38, 6, 80, '499/88', '1988-10-14 00:00:00', '1993-10-13 00:00:00', 2, '2017-05-10', '2017-05-10', NULL, NULL),
(67, 72, 6, 64, '500/88', '1988-10-14 00:00:00', '1993-10-13 00:00:00', 2, '2017-05-10', '2017-05-10', NULL, NULL),
(68, 72, 6, 64, '590/93', '1993-10-12 00:00:00', '1994-03-25 00:00:00', 2, '2017-05-10', '2017-05-10', NULL, NULL),
(69, 76, 6, 169, '155/06', '2006-03-31 00:00:00', '2012-03-30 00:00:00', 1, '2017-05-10', '2017-05-10', NULL, NULL),
(70, 115, 6, 108, '351/10', '2010-05-28 00:00:00', '2010-06-28 00:00:00', 2, '2017-05-10', '2017-05-10', NULL, NULL),
(71, 126, 6, 209, '014/79', '1979-01-01 00:00:00', NULL, 1, '2017-05-10', '2017-05-10', NULL, NULL),
(72, 7, 7, 205, '135/06', '2006-03-20 00:00:00', '2006-03-31 00:00:00', 1, '2017-05-10', '2017-05-10', NULL, NULL),
(73, 7, 7, 205, '653/98', '1998-12-01 00:00:00', '2000-03-20 00:00:00', 1, '2017-05-10', '2017-05-10', NULL, NULL),
(74, 76, 7, 205, '167/06', '2006-04-01 00:00:00', '2012-03-30 00:00:00', 1, '2017-05-10', '2017-05-10', NULL, NULL),
(75, 76, 7, 205, '259/00', '2000-03-20 00:00:00', '2006-03-19 00:00:00', 1, '2017-05-10', '2017-05-10', NULL, NULL),
(76, 124, 7, 205, '551/97', '1997-11-08 00:00:00', '1998-12-01 00:00:00', 1, '2017-05-10', '2017-05-10', NULL, NULL),
(77, 7, 8, 173, '694/09', '2009-02-01 00:00:00', '2010-03-04 00:00:00', 1, '2017-05-10', '2017-05-10', NULL, NULL),
(78, 7, 8, 216, '357/03', '2003-07-13 00:00:00', '2004-02-01 00:00:00', 1, '2017-05-10', '2017-05-10', NULL, NULL),
(79, 7, 8, 216, '570/91', '1991-10-08 00:00:00', '1997-07-12 00:00:00', 1, '2017-05-10', '2017-05-10', NULL, NULL),
(80, 76, 8, 173, '202/10', '2010-03-05 00:00:00', '2016-03-04 00:00:00', 1, '2017-05-10', '2017-05-10', NULL, NULL),
(81, 76, 8, 173, '639/03', '2004-02-01 00:00:00', '2010-01-31 00:00:00', 1, '2017-05-10', '2017-05-10', NULL, NULL),
(82, 76, 8, 216, '346/97', '1997-07-13 00:00:00', '2003-07-12 00:00:00', 1, '2017-05-10', '2017-05-10', NULL, NULL),
(83, 102, 8, 39, '517/90', '1990-10-11 00:00:00', '1991-10-10 00:00:00', 2, '2017-05-10', '2017-05-10', NULL, NULL),
(84, 102, 8, 39, '516/90', '1990-10-11 00:00:00', '1991-10-10 00:00:00', 2, '2017-05-10', '2017-05-10', NULL, NULL),
(85, 102, 8, 98, '518/90', '1990-10-11 00:00:00', '1991-10-10 00:00:00', 2, '2017-05-10', '2017-05-10', NULL, NULL),
(86, 102, 8, 105, '596/91', '1991-10-11 00:00:00', '1997-12-31 00:00:00', 2, '2017-05-10', '2017-05-10', NULL, NULL),
(87, 106, 8, 53, '086/94', '1994-12-20 00:00:00', '1997-12-19 00:00:00', 2, '2017-05-10', '2017-05-10', NULL, NULL),
(88, 124, 8, 188, '495/89', '1989-10-09 00:00:00', '1991-10-08 00:00:00', 1, '2017-05-10', '2017-05-10', NULL, NULL),
(89, 31, 9, 221, '703/05', '2005-12-09 00:00:00', '2006-05-02 00:00:00', 2, '2017-05-10', '2017-05-10', NULL, NULL),
(90, 35, 9, 224, '208/06', '2006-05-02 00:00:00', '2007-03-01 00:00:00', 2, '2017-05-10', '2017-05-10', NULL, NULL),
(91, 124, 9, 186, '042/10', '2010-03-01 00:00:00', NULL, 1, '2017-05-10', '2017-05-10', NULL, NULL),
(92, 124, 9, 221, '079/07', '2007-03-01 00:00:00', '2010-02-28 00:00:00', 1, '2017-05-10', '2017-05-10', NULL, NULL),
(93, 4, 10, 188, '757/00', '2000-12-28 00:00:00', NULL, 1, '2017-05-10', '2017-05-10', NULL, NULL),
(94, 28, 10, 126, '341/00', '2000-04-25 00:00:00', NULL, 2, '2017-05-10', '2017-05-10', NULL, NULL),
(95, 76, 10, 215, '724/07', '2008-02-17 00:00:00', '2014-02-17 00:00:00', 1, '2017-05-10', '2017-05-10', NULL, NULL),
(96, 97, 10, 246, '738/00', '2000-12-26 00:00:00', NULL, 2, '2017-05-10', '2017-05-10', NULL, NULL),
(97, 102, 10, 141, '035/08', '2008-02-17 00:00:00', '2014-02-16 00:00:00', 2, '2017-05-10', '2017-05-10', NULL, NULL),
(98, 102, 10, 247, '738/00', '2000-12-09 00:00:00', NULL, 2, '2017-05-10', '2017-05-10', NULL, NULL),
(99, 124, 10, 174, '650/98', '1998-12-14 00:00:00', '2000-03-27 00:00:00', 1, '2017-05-10', '2017-05-10', NULL, NULL),
(100, 124, 10, 188, '277/00', '2000-03-27 00:00:00', '2001-01-31 00:00:00', 1, '2017-05-10', '2017-05-10', NULL, NULL),
(101, 127, 10, 156, '486/00', '2000-06-22 00:00:00', '2000-12-08 00:00:00', 2, '2017-05-10', '2017-05-10', NULL, NULL),
(102, 127, 10, 156, '263/01', '2001-05-18 00:00:00', '2003-12-31 00:00:00', 2, '2017-05-10', '2017-05-10', NULL, NULL),
(103, 9, 11, 224, '102/02', '2002-03-20 00:00:00', '2002-12-27 00:00:00', 1, '2017-05-10', '2017-05-10', NULL, NULL),
(104, 25, 11, 114, '250/11', '2011-05-01 00:00:00', NULL, 2, '2017-05-10', '2017-05-10', NULL, NULL),
(105, 51, 11, 244, '304/07', '2007-05-03 00:00:00', NULL, 1, '2017-05-10', '2017-05-10', NULL, NULL),
(106, 60, 11, 253, '303/07', '2007-05-03 00:00:00', '2009-06-30 00:00:00', 2, '2017-05-10', '2017-05-10', NULL, NULL),
(107, 60, 11, 253, '443/09', '2009-06-30 00:00:00', '2012-06-30 00:00:00', 2, '2017-05-10', '2017-05-10', NULL, NULL),
(108, 124, 11, 181, '039/10', '2010-02-04 00:00:00', '2011-04-30 00:00:00', 1, '2017-05-10', '2017-05-10', NULL, NULL),
(109, 124, 11, 223, '469/03', '2003-09-08 00:00:00', '2004-03-01 00:00:00', 1, '2017-05-10', '2017-05-10', NULL, NULL),
(110, 124, 11, 224, '628/02', '2002-12-27 00:00:00', '2003-09-08 00:00:00', 1, '2017-05-10', '2017-05-10', NULL, NULL),
(111, 4, 12, 197, '588/02', '2002-12-01 00:00:00', NULL, 1, '2017-05-10', '2017-05-10', NULL, NULL),
(112, 7, 12, 205, '487/97', '1997-11-04 00:00:00', '1998-08-31 00:00:00', 1, '2017-05-10', '2017-05-10', NULL, NULL),
(113, 11, 12, 151, '307/07', '2007-05-04 00:00:00', NULL, 2, '2017-05-10', '2017-05-10', NULL, NULL),
(114, 41, 12, 256, '375/03', '2003-07-15 00:00:00', NULL, 2, '2017-05-10', '2017-05-10', NULL, NULL),
(115, 47, 12, 92, '450/10', '2010-06-04 00:00:00', '2013-06-03 00:00:00', 2, '2017-05-10', '2017-05-10', NULL, NULL),
(116, 50, 12, 236, '502/98', '1998-09-01 00:00:00', '2000-07-26 00:00:00', 2, '2017-05-10', '2017-05-10', NULL, NULL),
(117, 51, 12, 244, '153/93', '1993-04-20 00:00:00', '1995-02-12 00:00:00', 2, '2017-05-10', '2017-05-10', NULL, NULL),
(118, 51, 12, 244, '', '2000-07-26 00:00:00', NULL, 2, '2017-05-10', '2017-05-10', NULL, NULL),
(119, 51, 12, 246, '341/92', '1992-07-31 00:00:00', '1993-04-19 00:00:00', 2, '2017-05-10', '2017-05-10', NULL, NULL),
(120, 53, 12, 253, '466/91', '1991-08-02 00:00:00', '1992-08-27 00:00:00', 2, '2017-05-10', '2017-05-10', NULL, NULL),
(121, 61, 12, 253, '352/03', '2003-07-01 00:00:00', '2006-06-30 00:00:00', 2, '2017-05-10', '2017-05-10', NULL, NULL),
(122, 61, 12, 253, '389/06', '2006-07-01 00:00:00', '2009-06-30 00:00:00', 2, '2017-05-10', '2017-05-10', NULL, NULL),
(123, 75, 12, 73, '257/93', '1993-07-01 00:00:00', '1995-02-12 00:00:00', 2, '2017-05-10', '2017-05-10', NULL, NULL),
(124, 76, 12, 194, '631/08', '2009-02-07 00:00:00', '2015-02-07 00:00:00', 1, '2017-05-10', '2017-05-10', NULL, NULL),
(125, 76, 12, 194, '011/03', '2003-02-08 00:00:00', '2009-02-07 00:00:00', 1, '2017-05-10', '2017-05-10', NULL, NULL),
(126, 102, 12, 246, '339/92', '1992-07-31 00:00:00', NULL, 2, '2017-05-10', '2017-05-10', NULL, NULL),
(127, 124, 12, 188, '572/91', '1991-10-08 00:00:00', '1997-11-03 00:00:00', 1, '2017-05-10', '2017-05-10', NULL, NULL),
(128, 124, 12, 197, '653/00', '2000-10-12 00:00:00', '2002-12-01 00:00:00', 1, '2017-05-10', '2017-05-10', NULL, NULL),
(129, 7, 13, 196, '510/05', '2005-08-23 00:00:00', '2006-12-17 00:00:00', 1, '2017-05-10', '2017-05-10', NULL, NULL),
(130, 9, 13, 188, '180/01', '2001-04-09 00:00:00', '2002-03-06 00:00:00', 1, '2017-05-10', '2017-05-10', NULL, NULL),
(131, 76, 13, 196, '688/06', '2006-02-17 00:00:00', '2011-03-11 00:00:00', 1, '2017-05-10', '2017-05-10', NULL, NULL),
(132, 76, 13, 209, '718/10', '2011-03-11 00:00:00', '2017-03-10 00:00:00', 1, '2017-05-10', '2017-05-10', NULL, NULL),
(133, 124, 13, 196, '105/05', '2005-03-05 00:00:00', '2005-08-23 00:00:00', 1, '2017-05-10', '2017-05-10', NULL, NULL),
(134, 124, 13, 218, '687/01', '2002-03-06 00:00:00', '2003-03-01 00:00:00', 1, '2017-05-10', '2017-05-10', 'Barvarino JulioG -SJoaquín 2001-12-28 687.doc', '13'),
(135, 124, 13, 220, '634/02', '2003-03-01 00:00:00', '2005-03-05 00:00:00', 1, '2017-05-10', '2017-05-10', NULL, NULL),
(136, 7, 14, 218, '121/89', '1989-04-21 00:00:00', '1990-10-31 00:00:00', 1, '2017-05-10', '2017-05-10', NULL, NULL),
(137, 7, 14, 228, '785/85', '1986-01-01 00:00:00', NULL, 1, '2017-05-10', '2017-05-10', NULL, NULL),
(138, 9, 14, 190, '622/00', '2000-09-13 00:00:00', NULL, 1, '2017-05-10', '2017-05-10', NULL, NULL),
(139, 11, 14, 51, '399/04', '2004-06-24 00:00:00', '2007-06-23 00:00:00', 2, '2017-05-10', '2017-05-10', NULL, NULL),
(140, 11, 14, 17, '675/87', '1987-10-13 00:00:00', NULL, 2, '2017-05-10', '2017-05-10', NULL, NULL),
(141, 28, 14, 126, '159/85', '1985-04-10 00:00:00', NULL, 2, '2017-05-10', '2017-05-10', NULL, NULL),
(142, 28, 14, 130, '090/91', '1991-04-11 00:00:00', NULL, 2, '2017-05-10', '2017-05-10', NULL, NULL),
(143, 39, 14, 32, '252/86', '1986-05-16 00:00:00', NULL, 2, '2017-05-10', '2017-05-10', NULL, NULL),
(144, 102, 14, 42, '593/89', '1989-12-13 00:00:00', NULL, 2, '2017-05-10', '2017-05-10', NULL, NULL),
(145, 102, 14, 88, '131/86', '1986-04-02 00:00:00', NULL, 2, '2017-05-10', '2017-05-10', NULL, NULL),
(146, 124, 14, 213, '005/87', '1987-03-01 00:00:00', NULL, 1, '2017-05-10', '2017-05-10', NULL, NULL),
(147, 124, 14, 226, '745/85', '1986-03-03 00:00:00', NULL, 1, '2017-05-10', '2017-05-10', NULL, NULL),
(148, 124, 14, 228, '539/90', '1990-11-01 00:00:00', NULL, 1, '2017-05-10', '2017-05-10', NULL, NULL),
(149, 124, 14, 228, '002/85', '1985-02-01 00:00:00', NULL, 1, '2017-05-10', '2017-05-10', NULL, NULL),
(150, 7, 15, 226, '631/04', '2004-12-10 00:00:00', '2005-03-05 00:00:00', 1, '2017-05-10', '2017-05-10', NULL, NULL),
(151, 11, 15, 66, '107/88', '1988-05-25 00:00:00', '1991-05-24 00:00:00', 2, '2017-05-10', '2017-05-10', NULL, NULL),
(152, 28, 15, 126, '646/09', '2009-12-01 00:00:00', NULL, 2, '2017-05-10', '2017-05-10', NULL, NULL),
(153, 76, 15, 180, '155/80', '1980-04-24 00:00:00', '1998-12-09 00:00:00', 1, '2017-05-10', '2017-05-10', NULL, NULL),
(154, 76, 15, 196, '036/05', '2005-03-05 00:00:00', '2005-08-23 00:00:00', 1, '2017-05-10', '2017-05-10', NULL, NULL),
(155, 76, 15, 226, '657/98', '1998-12-10 00:00:00', '2004-12-09 00:00:00', 1, '2017-05-10', '2017-05-10', NULL, NULL),
(156, 1, 15, 86, '000/07', '2007-06-12 00:00:00', NULL, 2, '2017-05-10', '2017-05-10', NULL, NULL),
(157, 116, 15, 174, '131/78', '1978-03-21 00:00:00', '1980-04-23 00:00:00', 1, '2017-05-10', '2017-05-10', NULL, NULL),
(158, 126, 15, 216, '416/76', '1977-08-26 00:00:00', '1978-03-20 00:00:00', 1, '2017-05-10', '2017-05-10', NULL, NULL),
(159, 126, 15, 216, '416/77', '1977-08-26 00:00:00', NULL, 1, '2017-05-10', '2017-05-10', NULL, NULL),
(160, 126, 15, 216, '019/76', '1976-02-24 00:00:00', '1976-08-25 00:00:00', 1, '2017-05-10', '2017-05-10', NULL, NULL),
(161, 7, 16, 180, '779/85', '1986-01-01 00:00:00', '1986-01-31 00:00:00', 1, '2017-05-10', '2017-05-10', NULL, NULL),
(162, 7, 16, 208, '795/85', '1986-02-01 00:00:00', '1986-03-02 00:00:00', 1, '2017-05-10', '2017-05-10', NULL, NULL),
(163, 11, 16, 4, '753/96', '1996-08-31 00:00:00', '1999-10-12 00:00:00', 2, '2017-05-10', '2017-05-10', NULL, NULL),
(164, 11, 16, 4, '028/99', '1999-10-11 00:00:00', '2002-10-13 00:00:00', 2, '2017-05-10', '2017-05-10', NULL, NULL),
(165, 11, 16, 151, '190/93', '1993-06-01 00:00:00', '1996-05-31 00:00:00', 2, '2017-05-10', '2017-05-10', NULL, NULL),
(166, 11, 16, 151, '028/90', '1990-01-20 00:00:00', NULL, 2, '2017-05-10', '2017-05-10', NULL, NULL),
(167, 65, 16, 33, '674/00', '2000-10-30 00:00:00', '2005-10-29 00:00:00', 2, '2017-05-10', '2017-05-10', NULL, NULL),
(168, 68, 16, 63, '676/01', '2001-12-27 00:00:00', '2004-12-26 00:00:00', 2, '2017-05-10', '2017-05-10', NULL, NULL),
(169, 72, 16, 64, '552/00', '2000-08-01 00:00:00', '2003-06-14 00:00:00', 2, '2017-05-10', '2017-05-10', NULL, NULL),
(170, 72, 16, 64, '397/03', '2003-08-01 00:00:00', '2006-07-31 00:00:00', 2, '2017-05-10', '2017-05-10', NULL, NULL),
(171, 76, 16, 211, '725/07', '2008-02-02 00:00:00', '2014-02-01 00:00:00', 1, '2017-05-10', '2017-05-10', NULL, NULL),
(172, 76, 16, 229, '030/94', '1994-12-03 00:00:00', '2000-10-28 00:00:00', 1, '2017-05-10', '2017-05-10', NULL, NULL),
(173, 102, 16, 89, '540/90', '1990-11-01 00:00:00', NULL, 2, '2017-05-10', '2017-05-10', NULL, NULL),
(174, 106, 16, 48, '085/94', '1994-12-20 00:00:00', '1997-12-19 00:00:00', 2, '2017-05-10', '2017-05-10', NULL, NULL),
(175, 119, 16, 24, '290/03', '2003-03-15 00:00:00', '2006-06-14 00:00:00', 1, '2017-05-10', '2017-05-10', NULL, NULL),
(176, 119, 16, 24, '469/00', '2000-06-15 00:00:00', '2003-06-14 00:00:00', 1, '2017-05-10', '2017-05-10', NULL, NULL),
(177, 124, 16, 226, '538/90', '1990-11-01 00:00:00', '1994-12-02 00:00:00', 1, '2017-05-10', '2017-05-10', NULL, NULL),
(178, 124, 16, 228, '016/90', '1990-02-05 00:00:00', '1990-10-31 00:00:00', 1, '2017-05-10', '2017-05-10', NULL, NULL),
(179, 124, 16, 228, '739/85', '1986-03-03 00:00:00', '1990-02-04 00:00:00', 1, '2017-05-10', '2017-05-10', NULL, NULL),
(180, 35, 17, 184, '', '2007-03-16 00:00:00', NULL, 1, '2017-05-10', '2017-05-10', NULL, NULL),
(181, 124, 17, 194, '729/10', '2011-03-01 00:00:00', NULL, 1, '2017-05-10', '2017-05-10', NULL, NULL),
(182, 124, 17, 220, '043/10', '2010-03-01 00:00:00', '2011-03-01 00:00:00', 1, '2017-05-10', '2017-05-10', NULL, NULL),
(183, 7, 18, 200, '788/85', '1986-01-01 00:00:00', NULL, 1, '2017-05-10', '2017-05-10', NULL, NULL),
(184, 9, 18, 212, '629/90', '1990-12-26 00:00:00', NULL, 1, '2017-05-10', '2017-05-10', NULL, NULL),
(185, 124, 18, 174, '548/90', '1990-11-01 00:00:00', NULL, 1, '2017-05-10', '2017-05-10', NULL, NULL),
(186, 124, 18, 174, '004/85', '1985-02-16 00:00:00', NULL, 1, '2017-05-10', '2017-05-10', NULL, NULL),
(187, 124, 18, 181, '099/91', '1991-04-12 00:00:00', NULL, 1, '2017-05-10', '2017-05-10', NULL, NULL),
(188, 124, 18, 188, '100/89', '1989-04-12 00:00:00', '1989-08-09 00:00:00', 1, '2017-05-10', '2017-05-10', NULL, NULL),
(189, 124, 18, 200, '536/85', '1985-08-06 00:00:00', NULL, 1, '2017-05-10', '2017-05-10', NULL, NULL),
(190, 124, 18, 201, '663/91', '1992-02-01 00:00:00', NULL, 1, '2017-05-10', '2017-05-10', NULL, NULL),
(191, 124, 18, 201, '735/85', '1986-03-03 00:00:00', NULL, 1, '2017-05-10', '2017-05-10', NULL, NULL),
(192, 124, 18, 203, '065/06', '2006-02-13 00:00:00', NULL, 1, '2017-05-10', '2017-05-10', NULL, NULL),
(193, 124, 18, 212, '030/93', '1993-03-15 00:00:00', NULL, 1, '2017-05-10', '2017-05-10', NULL, NULL),
(194, 124, 18, 212, '422/89', '1989-08-10 00:00:00', NULL, 1, '2017-05-10', '2017-05-10', NULL, NULL),
(195, 124, 18, 215, '652/98', '1997-08-01 00:00:00', '2006-03-01 00:00:00', 1, '2017-05-10', '2017-05-10', NULL, NULL),
(196, 124, 18, 226, '313/88', '1988-07-04 00:00:00', '1989-08-09 00:00:00', 1, '2017-05-10', '2017-05-10', NULL, NULL),
(197, 124, 18, 226, '065/86', '1986-03-06 00:00:00', NULL, 1, '2017-05-10', '2017-05-10', NULL, NULL),
(198, 35, 19, 200, '', NULL, NULL, 1, '2017-05-10', '2017-05-10', NULL, NULL),
(199, 42, 19, 200, '', '2007-03-16 00:00:00', NULL, 1, '2017-05-10', '2017-05-10', NULL, NULL),
(200, 124, 19, 206, '010/10', '2010-03-01 00:00:00', NULL, 1, '2017-05-10', '2017-05-10', NULL, NULL),
(201, 124, 19, 228, '634/08', '2009-03-01 00:00:00', '2010-02-16 00:00:00', 1, '2017-05-10', '2017-05-10', NULL, NULL),
(202, 7, 20, 220, '136/06', '2006-03-20 00:00:00', '2006-03-31 00:00:00', 1, '2017-05-10', '2017-05-10', NULL, NULL),
(203, 26, 20, 38, '064/90', '1990-03-07 00:00:00', NULL, 2, '2017-05-10', '2017-05-10', NULL, NULL),
(204, 76, 20, 192, '715/10', '2011-03-13 00:00:00', '2017-03-12 00:00:00', 1, '2017-05-10', '2017-05-10', NULL, NULL),
(205, 76, 20, 220, '168/06', '2006-03-31 00:00:00', '2012-03-30 00:00:00', 1, '2017-05-10', '2017-05-10', NULL, NULL),
(206, 76, 20, 220, '211/00', '2000-03-26 00:00:00', '2006-03-25 00:00:00', 1, '2017-05-10', '2017-05-10', NULL, NULL),
(207, 124, 20, 181, '647/98', '1998-12-14 00:00:00', '2000-03-26 00:00:00', 1, '2017-05-10', '2017-05-10', NULL, NULL),
(208, 124, 20, 192, '475/94', '1994-09-01 00:00:00', NULL, 1, '2017-05-10', '2017-05-10', NULL, NULL),
(209, 124, 20, 195, '015/90', '1990-02-05 00:00:00', NULL, 1, '2017-05-10', '2017-05-10', NULL, NULL),
(210, 124, 20, 201, '494/89', '1989-10-09 00:00:00', '1989-10-29 00:00:00', 1, '2017-05-10', '2017-05-10', NULL, NULL),
(211, 124, 20, 228, '528/89', '1989-10-30 00:00:00', NULL, 1, '2017-05-10', '2017-05-10', NULL, NULL),
(212, 38, 21, 78, '146/85', '1985-04-01 00:00:00', NULL, 2, '2017-05-10', '2017-05-10', NULL, NULL),
(213, 76, 21, 202, '233/01', '2001-05-04 00:00:00', NULL, 1, '2017-05-10', '2017-05-10', NULL, NULL),
(214, 76, 21, 208, '082/71', '1972-04-22 00:00:00', '2001-05-13 00:00:00', 1, '2017-05-10', '2017-05-10', NULL, NULL),
(215, 127, 21, 147, '184/75', '1975-09-23 00:00:00', NULL, 2, '2017-05-10', '2017-05-10', NULL, NULL),
(216, 7, 22, 188, '008/04', '2004-02-09 00:00:00', '2004-02-29 00:00:00', 1, '2017-05-10', '2017-05-10', NULL, NULL),
(217, 7, 22, 188, '429/03', '2003-08-10 00:00:00', '2004-02-08 00:00:00', 1, '2017-05-10', '2017-05-10', NULL, NULL),
(218, 7, 22, 188, '008/96', '1996-02-03 00:00:00', '1997-09-09 00:00:00', 1, '2017-05-10', '2017-05-10', NULL, NULL),
(219, 7, 22, 217, '530/90', '1990-10-22 00:00:00', '1996-02-02 00:00:00', 1, '2017-05-10', '2017-05-10', NULL, NULL),
(220, 11, 22, 20, '309/89', '9584-12-30 00:00:00', NULL, 2, '2017-05-10', '2017-05-10', NULL, NULL),
(221, 38, 22, 79, '467/09', '2009-08-01 00:00:00', '2012-08-01 00:00:00', 2, '2017-05-10', '2017-05-10', NULL, NULL),
(222, 45, 22, 23, '312/01', '2001-06-13 00:00:00', '2004-06-12 00:00:00', 2, '2017-05-10', '2017-05-10', NULL, NULL),
(223, 45, 22, 23, '326/09', '2009-05-22 00:00:00', '2011-05-22 00:00:00', 2, '2017-05-10', '2017-05-10', NULL, NULL),
(224, 56, 22, 64, '11/106', '2011-11-22 00:00:00', '2012-03-31 00:00:00', 2, '2017-05-10', '2017-05-10', NULL, NULL),
(225, 56, 22, 65, '468/09', '2009-08-01 00:00:00', '2012-07-31 00:00:00', 2, '2017-05-10', '2017-05-10', NULL, NULL),
(226, 76, 22, 188, '390/97', '1997-09-10 00:00:00', '2003-08-09 00:00:00', 1, '2017-05-10', '2017-05-10', NULL, NULL),
(227, 76, 22, 216, '006/04', '2004-02-08 00:00:00', '2010-02-07 00:00:00', 1, '2017-05-10', '2017-05-10', NULL, NULL),
(228, 76, 22, 219, '645/08', '2009-02-22 00:00:00', '2015-02-21 00:00:00', 1, '2017-05-10', '2017-05-10', NULL, NULL),
(229, 102, 22, 42, '532/90', '1990-10-22 00:00:00', '1996-07-01 00:00:00', 2, '2017-05-10', '2017-05-10', NULL, NULL),
(230, 102, 22, 95, '142/90', '1990-04-20 00:00:00', NULL, 2, '2017-05-10', '2017-05-10', NULL, NULL),
(231, 102, 22, 133, '648/08', '2008-12-30 00:00:00', '2009-03-31 00:00:00', 2, '2017-05-10', '2017-05-10', NULL, NULL),
(232, 124, 22, 226, '325/88', '1988-07-04 00:00:00', '1990-10-21 00:00:00', 1, '2017-05-10', '2017-05-10', NULL, NULL),
(233, 2, 23, 24, '289/11', '2011-05-08 00:00:00', '2011-05-15 00:00:00', 1, '2017-05-10', '2017-05-10', NULL, NULL),
(234, 2, 23, 24, '141/10', '2010-02-22 00:00:00', '2010-03-01 00:00:00', 1, '2017-05-10', '2017-05-10', 'Chavez JM acargoarquidioc 10-02-18 141.doc', '4cb39a96-7e57-422c-8d7f-b52749fbde82'),
(235, 2, 23, 25, '174/11', '2011-12-27 00:00:00', '2012-02-16 00:00:00', 1, '2017-05-10', '2017-05-10', 'Chavez JM acargoarquidioc 11-12-23 174.doc', 'c146635c-625e-429d-809d-0675f6513db7'),
(236, 2, 23, 25, '085/11', '2011-11-03 00:00:00', '2011-11-24 00:00:00', 1, '2017-05-10', '2017-05-10', 'Chavez JM acargoarquidioc 11-11-03 85.doc', '02a68302-bdb4-47a4-98da-9bd42be05e10'),
(237, 2, 23, 25, '057/11', '2011-10-19 00:00:00', '2011-10-27 00:00:00', 1, '2017-05-10', '2017-05-10', 'Chavez JM acargoarquidioc 11-10-13 57.doc', '72bc3ecf-2a41-421d-9f7b-1cb10ac9b49e'),
(238, 2, 23, 25, '644/06', '2006-11-05 00:00:00', '2006-11-12 00:00:00', 1, '2017-05-10', '2017-05-10', NULL, NULL),
(239, 2, 23, 25, '228/06', '2006-05-06 00:00:00', '2006-05-14 00:00:00', 1, '2017-05-10', '2017-05-10', NULL, NULL),
(240, 2, 23, 25, '058/06', '2006-02-14 00:00:00', '2006-03-05 00:00:00', 1, '2017-05-10', '2017-05-10', NULL, NULL),
(241, 2, 23, 25, '740/05', '2005-12-29 00:00:00', '2006-01-20 00:00:00', 1, '2017-05-10', '2017-05-10', NULL, NULL),
(242, 2, 23, 25, '637/05', '2005-11-05 00:00:00', '2005-11-11 00:00:00', 1, '2017-05-10', '2017-05-10', NULL, NULL),
(243, 2, 23, 25, '435/05', '2005-07-24 00:00:00', '2005-07-31 00:00:00', 1, '2017-05-10', '2017-05-10', NULL, NULL),
(244, 2, 23, 25, '185/05', '2005-04-16 00:00:00', NULL, 1, '2017-05-10', '2017-05-10', NULL, NULL),
(245, 2, 23, 25, '747/04', '2004-12-27 00:00:00', '2005-01-26 00:00:00', 1, '2017-05-10', '2017-05-10', NULL, NULL),
(246, 2, 23, 25, '710/04', '2004-12-12 00:00:00', '2004-12-17 00:00:00', 1, '2017-05-10', '2017-05-10', NULL, NULL),
(247, 2, 23, 25, '639/04', '2004-11-06 00:00:00', '2004-11-13 00:00:00', 1, '2017-05-10', '2017-05-10', NULL, NULL),
(248, 2, 23, 25, '481/04', '2004-08-08 00:00:00', '2004-08-15 00:00:00', 1, '2017-05-10', '2017-05-10', NULL, NULL),
(249, 2, 23, 25, '464/04', '2004-07-25 00:00:00', '2004-08-01 00:00:00', 1, '2017-05-10', '2017-05-10', NULL, NULL),
(250, 2, 23, 25, '278/04', '2004-05-07 00:00:00', '2004-05-18 00:00:00', 1, '2017-05-10', '2017-05-10', NULL, NULL),
(251, 2, 23, 25, '621/03', '2003-12-29 00:00:00', '2004-01-29 00:00:00', 1, '2017-05-10', '2017-05-10', NULL, NULL),
(252, 2, 23, 25, '602/03', '2003-12-09 00:00:00', '2003-12-15 00:00:00', 1, '2017-05-10', '2017-05-10', NULL, NULL),
(253, 2, 23, 25, '562/03', '2003-11-08 00:00:00', '2003-11-15 00:00:00', 1, '2017-05-10', '2017-05-10', NULL, NULL),
(254, 2, 23, 25, '258/03', '2003-05-24 00:00:00', '2003-06-02 00:00:00', 1, '2017-05-10', '2017-05-10', NULL, NULL),
(255, 2, 23, 25, '127/03', '2003-03-06 00:00:00', '2003-03-16 00:00:00', 1, '2017-05-10', '2017-05-10', NULL, NULL),
(256, 2, 23, 25, '637/02', '2002-12-30 00:00:00', '2003-01-27 00:00:00', 1, '2017-05-10', '2017-05-10', NULL, NULL),
(257, 2, 23, 25, '565/02', '2002-11-09 00:00:00', '2002-11-16 00:00:00', 1, '2017-05-10', '2017-05-10', NULL, NULL),
(258, 2, 23, 25, '449/02', '2002-08-16 00:00:00', '2002-08-23 00:00:00', 1, '2017-05-10', '2017-05-10', NULL, NULL),
(259, 2, 23, 25, '182/02', '2002-04-21 00:00:00', '2002-04-28 00:00:00', 1, '2017-05-10', '2017-05-10', NULL, NULL),
(260, 2, 23, 25, '074/02', '2002-03-18 00:00:00', '2002-03-25 00:00:00', 1, '2017-05-10', '2017-05-10', NULL, NULL),
(261, 2, 23, 25, '004/02', '2002-01-16 00:00:00', '2002-02-28 00:00:00', 1, '2017-05-10', '2017-05-10', NULL, NULL),
(262, 2, 23, 25, '613/01', '2001-11-12 00:00:00', '2004-11-19 00:00:00', 1, '2017-05-10', '2017-05-10', NULL, NULL),
(263, 2, 23, 25, '459/01', '2001-08-05 00:00:00', '2001-08-13 00:00:00', 1, '2017-05-10', '2017-05-10', NULL, NULL),
(264, 2, 23, 25, '412/01', '2001-07-05 00:00:00', '2001-07-13 00:00:00', 1, '2017-05-10', '2017-05-10', NULL, NULL),
(265, 2, 23, 25, '230/01', '2001-05-03 00:00:00', NULL, 1, '2017-05-10', '2017-05-10', NULL, NULL),
(266, 2, 23, 25, '759/00', '2000-12-30 00:00:00', '2001-01-22 00:00:00', 1, '2017-05-10', '2017-05-10', NULL, NULL),
(267, 2, 23, 25, '735/00', '2000-12-11 00:00:00', NULL, 1, '2017-05-10', '2017-05-10', NULL, NULL),
(268, 2, 23, 25, '560/00', '2000-08-05 00:00:00', '2000-08-13 00:00:00', 1, '2017-05-10', '2017-05-10', NULL, NULL),
(269, 5, 23, 228, '629/03', '2003-12-29 00:00:00', NULL, 1, '2017-05-10', '2017-05-10', NULL, NULL),
(270, 6, 23, 211, '216/08', '2008-04-30 00:00:00', NULL, 2, '2017-05-10', '2017-05-10', NULL, NULL),
(271, 7, 23, 183, '176/86', '1986-04-19 00:00:00', NULL, 1, '2017-05-10', '2017-05-10', NULL, NULL),
(272, 7, 23, 188, '483/06', '2006-08-15 00:00:00', '2007-03-03 00:00:00', 1, '2017-05-10', '2017-05-10', NULL, NULL),
(273, 7, 23, 220, '023/88', '1988-02-02 00:00:00', NULL, 1, '2017-05-10', '2017-05-10', NULL, NULL),
(274, 7, 23, 220, '797/85', '1986-02-01 00:00:00', '1986-02-14 00:00:00', 1, '2017-05-10', '2017-05-10', NULL, NULL),
(275, 7, 23, 226, '778/85', '1985-01-01 00:00:00', NULL, 1, '2017-05-10', '2017-05-10', NULL, NULL),
(276, 11, 23, 4, '753/96', '1996-08-31 00:00:00', '1999-10-12 00:00:00', 2, '2017-05-10', '2017-05-10', NULL, NULL),
(277, 11, 23, 4, '028/99', '1999-10-11 00:00:00', '2002-10-13 00:00:00', 2, '2017-05-10', '2017-05-10', NULL, NULL),
(278, 11, 23, 8, '530/02', '2002-10-12 00:00:00', '2006-07-02 00:00:00', 2, '2017-05-10', '2017-05-10', NULL, NULL),
(279, 11, 23, 8, '380/06', '2006-07-02 00:00:00', NULL, 2, '2017-05-10', '2017-05-10', NULL, NULL),
(280, 11, 23, 147, '186/90', '1990-05-22 00:00:00', '1993-05-21 00:00:00', 2, '2017-05-10', '2017-05-10', NULL, NULL),
(281, 13, 23, 46, '119/88', '1988-04-07 00:00:00', '1991-04-06 00:00:00', 2, '2017-05-10', '2017-05-10', NULL, NULL),
(282, 21, 23, 122, '068/96', '1996-02-28 00:00:00', NULL, 2, '2017-05-10', '2017-05-10', NULL, NULL),
(283, 21, 23, 124, '634/89', '1989-12-29 00:00:00', NULL, 2, '2017-05-10', '2017-05-10', NULL, NULL),
(284, 41, 23, 61, '415/10', '2010-08-01 00:00:00', '2015-06-30 00:00:00', 2, '2017-05-10', '2017-05-10', NULL, NULL),
(285, 46, 23, 245, '178/00', '2000-02-28 00:00:00', NULL, 2, '2017-05-10', '2017-05-10', NULL, NULL),
(286, 55, 23, 63, '339/10', '2010-05-03 00:00:00', '2013-05-03 00:00:00', 2, '2017-05-10', '2017-05-10', NULL, NULL),
(287, 56, 23, 64, '468/09', '2009-08-01 00:00:00', '2012-07-31 00:00:00', 2, '2017-05-10', '2017-05-10', NULL, NULL),
(288, 57, 23, 33, '621/10', '2010-10-28 00:00:00', '2015-10-28 00:00:00', 2, '2017-05-10', '2017-05-10', NULL, NULL),
(289, 59, 23, 22, '641/09', '2009-11-23 00:00:00', '2009-11-23 00:00:00', 2, '2017-05-10', '2017-05-10', NULL, NULL),
(290, 64, 23, 33, '674/00', '2000-10-30 00:00:00', '2005-10-29 00:00:00', 2, '2017-05-10', '2017-05-10', NULL, NULL),
(291, 64, 23, 33, '627/05', '2005-10-31 00:00:00', '2010-10-30 00:00:00', 2, '2017-05-10', '2017-05-10', NULL, NULL),
(292, 64, 23, 61, '620/00', '2000-10-23 00:00:00', '2002-10-27 00:00:00', 2, '2017-05-10', '2017-05-10', NULL, NULL),
(293, 64, 23, 62, '735/04', '2004-12-27 00:00:00', '2007-12-26 00:00:00', 2, '2017-05-10', '2017-05-10', NULL, NULL),
(294, 64, 23, 63, '676/01', '2001-12-27 00:00:00', '2002-12-26 00:00:00', 2, '2017-05-10', '2017-05-10', NULL, NULL),
(295, 64, 23, 64, '552/00', '2000-08-01 00:00:00', '2003-07-31 00:00:00', 2, '2017-05-10', '2017-05-10', NULL, NULL),
(296, 64, 23, 64, '397/03', '2003-08-01 00:00:00', '2006-07-31 00:00:00', 2, '2017-05-10', '2017-05-10', NULL, NULL),
(297, 64, 23, 252, '591/04', '2004-10-13 00:00:00', NULL, 2, '2017-05-10', '2017-05-10', NULL, NULL),
(298, 64, 23, 252, '564/04', '2004-09-17 00:00:00', NULL, 2, '2017-05-10', '2017-05-10', NULL, NULL),
(299, 66, 23, 64, '500/88', '1988-10-14 00:00:00', '1993-10-13 00:00:00', 2, '2017-05-10', '2017-05-10', NULL, NULL),
(300, 66, 23, 64, '083/94', '1994-12-20 00:00:00', '1999-12-19 00:00:00', 2, '2017-05-10', '2017-05-10', NULL, NULL),
(301, 66, 23, 64, '446/06', '2006-08-01 00:00:00', '2009-07-31 00:00:00', 2, '2017-05-10', '2017-05-10', NULL, NULL),
(302, 73, 23, 245, '588/07', '2007-09-13 00:00:00', '2007-09-20 00:00:00', 2, '2017-05-10', '2017-05-10', NULL, NULL),
(303, 74, 23, 25, '479/00', '2000-06-21 00:00:00', NULL, 1, '2017-05-10', '2017-05-10', NULL, NULL),
(304, 97, 23, 245, '725/06', '2006-12-19 00:00:00', '2011-12-22 00:00:00', 2, '2017-05-10', '2017-05-10', NULL, NULL),
(305, 119, 23, 25, '011/03', '2011-09-17 00:00:00', NULL, 1, '2017-05-10', '2017-05-10', NULL, NULL),
(306, 120, 23, 25, '468/00', '2000-06-20 00:00:00', NULL, 1, '2017-05-10', '2017-05-10', NULL, NULL),
(307, 120, 23, 25, '468/00', '2000-06-20 00:00:00', NULL, 1, '2017-05-10', '2017-05-10', NULL, NULL),
(308, 124, 23, 183, '737/85', '1986-03-03 00:00:00', NULL, 1, '2017-05-10', '2017-05-10', NULL, NULL),
(309, 124, 23, 226, '440/86', '1988-06-23 00:00:00', NULL, 1, '2017-05-10', '2017-05-10', NULL, NULL),
(310, 129, 23, 245, '005/96', '1996-01-31 00:00:00', NULL, 2, '2017-05-10', '2017-05-10', NULL, NULL),
(311, 42, 24, 208, '240/10', '2010-03-20 00:00:00', '2010-11-19 00:00:00', 1, '2017-05-10', '2017-05-10', NULL, NULL),
(312, 124, 24, 208, '734/10', '2011-03-01 00:00:00', NULL, 1, '2017-05-10', '2017-05-10', NULL, NULL),
(313, 4, 25, 169, '249/07', '2007-04-28 00:00:00', NULL, 2, '2017-05-10', '2017-05-10', NULL, NULL),
(314, 4, 25, 186, '523/03', '2003-10-15 00:00:00', NULL, 2, '2017-05-10', '2017-05-10', NULL, NULL),
(315, 11, 25, 46, '472/10', '2010-07-01 00:00:00', '2013-06-30 00:00:00', 2, '2017-05-10', '2017-05-10', NULL, NULL),
(316, 11, 25, 154, '197/03', '2003-04-09 00:00:00', '2003-11-25 00:00:00', 2, '2017-05-10', '2017-05-10', NULL, NULL),
(317, 11, 25, 154, '126/04', '2004-03-10 00:00:00', '2005-11-25 00:00:00', 2, '2017-05-10', '2017-05-10', NULL, NULL),
(318, 22, 25, 68, '259/07', '2006-04-18 00:00:00', NULL, 2, '2017-05-10', '2017-05-10', NULL, NULL),
(319, 22, 25, 69, '259/07', '2006-04-18 00:00:00', NULL, 2, '2017-05-10', '2017-05-10', NULL, NULL),
(320, 22, 25, 118, '259/07', '2006-04-18 00:00:00', NULL, 2, '2017-05-10', '2017-05-10', NULL, NULL),
(321, 22, 25, 119, '193/06', '2006-04-18 00:00:00', NULL, 2, '2017-05-10', '2017-05-10', NULL, NULL),
(322, 36, 25, 189, '238/10', '2010-04-19 00:00:00', '2011-04-06 00:00:00', 1, '2017-05-10', '2017-05-10', NULL, NULL),
(323, 43, 25, 224, '664/00', '2000-10-19 00:00:00', NULL, 1, '2017-05-10', '2017-05-10', NULL, NULL),
(324, 64, 25, 64, '', '2003-08-01 00:00:00', '2006-07-31 00:00:00', 2, '2017-05-10', '2017-05-10', NULL, NULL),
(325, 76, 25, 178, '286/08', '2008-05-08 00:00:00', '2008-05-28 00:00:00', 2, '2017-05-10', '2017-05-10', NULL, NULL),
(326, 76, 25, 189, '231/11', '2011-04-06 00:00:00', '2017-04-29 00:00:00', 1, '2017-05-10', '2017-05-10', NULL, NULL),
(327, 2, 12, 24, '973/12', '2012-12-27 00:00:00', NULL, 2, '2017-05-10', '2017-05-10', 'Barrionuevo a cargo arquidioc 12-12-26 973.doc', '6ba9b85a-276b-49db-8ea5-8c857171a667'),
(328, 124, 25, 169, '162/06', '2006-03-31 00:00:00', NULL, 1, '2017-05-10', '2017-05-10', NULL, NULL),
(329, 124, 25, 174, '685/01', '2002-03-01 00:00:00', '2003-02-01 00:00:00', 1, '2017-05-10', '2017-05-10', NULL, NULL),
(330, 124, 25, 186, '632/04', '2003-02-01 00:00:00', '2004-04-27 00:00:00', 1, '2017-05-10', '2017-05-10', NULL, NULL),
(331, 124, 25, 188, '265/04', '2004-04-27 00:00:00', '2006-03-31 00:00:00', 1, '2017-05-10', '2017-05-10', NULL, NULL),
(332, 124, 25, 224, '496/01', '2001-09-04 00:00:00', '2002-03-01 00:00:00', 1, '2017-05-10', '2017-05-10', NULL, NULL),
(333, 4, 26, 175, '11/068', '2011-10-24 00:00:00', '2011-12-11 00:00:00', 1, '2017-05-10', '2017-05-10', NULL, NULL),
(334, 7, 26, 192, '657/09', '2009-12-05 00:00:00', '2011-02-26 00:00:00', 1, '2017-05-10', '2017-05-10', NULL, NULL),
(335, 13, 26, 46, '069/98', '1998-03-01 00:00:00', '2001-02-28 00:00:00', 2, '2017-05-10', '2017-05-10', NULL, NULL),
(336, 28, 26, 125, '610/08', '2008-12-12 00:00:00', NULL, 2, '2017-05-10', '2017-05-10', NULL, NULL),
(337, 28, 26, 126, '989/96', '1996-12-21 00:00:00', '1999-03-07 00:00:00', 2, '2017-05-10', '2017-05-10', NULL, NULL),
(338, 41, 26, 166, '266/08', '2008-05-05 00:00:00', '2010-05-05 00:00:00', 2, '2017-05-10', '2017-05-10', NULL, NULL),
(339, 47, 26, 92, '450/10', '2010-06-04 00:00:00', '2013-06-03 00:00:00', 2, '2017-05-10', '2017-05-10', NULL, NULL),
(340, 47, 26, 153, '659/01', '2001-12-17 00:00:00', '2004-12-16 00:00:00', 2, '2017-05-10', '2017-05-10', NULL, NULL),
(341, 47, 26, 153, '208/05', '2005-04-25 00:00:00', '2007-12-16 00:00:00', 2, '2017-05-10', '2017-05-10', NULL, NULL),
(342, 47, 26, 242, '693/10', '2010-12-13 00:00:00', '2013-12-14 00:00:00', 2, '2017-05-10', '2017-05-10', NULL, NULL),
(343, 51, 26, 245, '651/98', '1998-12-14 00:00:00', NULL, 2, '2017-05-10', '2017-05-10', NULL, NULL),
(344, 56, 26, 64, '11/106', '2011-11-22 00:00:00', '2012-03-31 00:00:00', 2, '2017-05-10', '2017-05-10', NULL, NULL),
(345, 64, 26, 62, '736/04', '2004-12-27 00:00:00', '2007-12-26 00:00:00', 2, '2017-05-10', '2017-05-10', NULL, NULL),
(346, 76, 26, 220, '722/10', '2011-02-26 00:00:00', '2017-02-26 00:00:00', 1, '2017-05-10', '2017-05-10', NULL, NULL),
(347, 124, 26, 173, '884/96', '1996-10-12 00:00:00', '1998-12-13 00:00:00', 1, '2017-05-10', '2017-05-10', NULL, NULL),
(348, 124, 26, 192, '635/08', '2009-02-01 00:00:00', '2011-02-26 00:00:00', 1, '2017-05-10', '2017-05-10', NULL, NULL),
(349, 130, 26, 46, '342/00', '2000-04-25 00:00:00', NULL, 2, '2017-05-10', '2017-05-10', NULL, NULL),
(350, 9, 27, 201, '182/01', '2001-04-09 00:00:00', '2001-05-29 00:00:00', 1, '2017-05-10', '2017-05-10', NULL, NULL),
(351, 9, 27, 204, '275/01', '2001-05-29 00:00:00', '2001-12-28 00:00:00', 1, '2017-05-10', '2017-05-10', NULL, NULL),
(352, 76, 27, 175, '210/10', '2010-03-21 00:00:00', '2016-03-20 00:00:00', 1, '2017-05-10', '2017-05-10', NULL, NULL),
(353, 76, 27, 217, '311/08', '2008-05-25 00:00:00', NULL, 2, '2017-05-10', '2017-05-10', NULL, NULL),
(354, 124, 27, 174, '215/03', '2003-05-01 00:00:00', '2005-01-29 00:00:00', 1, '2017-05-10', '2017-05-10', NULL, NULL),
(355, 124, 27, 183, '733/04', '2005-10-29 00:00:00', NULL, 1, '2017-05-10', '2017-05-10', NULL, NULL),
(356, 124, 27, 204, '682/01', '2001-12-28 00:00:00', '2003-05-01 00:00:00', 1, '2017-05-10', '2017-05-10', NULL, NULL),
(357, 124, 27, 230, '489/08', '2008-09-22 00:00:00', '2010-03-20 00:00:00', 1, '2017-05-10', '2017-05-10', NULL, NULL),
(358, 7, 28, 175, '11/116', '2011-12-11 00:00:00', NULL, 1, '2017-05-10', '2017-05-10', NULL, NULL),
(359, 11, 28, 8, '290/10', '2010-03-08 00:00:00', '2013-03-08 00:00:00', 2, '2017-05-10', '2017-05-10', NULL, NULL),
(360, 44, 28, 146, '613/04', '2004-10-22 00:00:00', '2007-10-21 00:00:00', 2, '2017-05-10', '2017-05-10', NULL, NULL),
(361, 46, 28, 244, '736/00', '2000-12-26 00:00:00', '2002-08-29 00:00:00', 2, '2017-05-10', '2017-05-10', NULL, NULL),
(362, 46, 28, 244, '443/04', '2004-07-12 00:00:00', NULL, 2, '2017-05-10', '2017-05-10', NULL, NULL),
(363, 47, 28, 244, '444/04', '2004-04-26 00:00:00', NULL, 2, '2017-05-10', '2017-05-10', NULL, NULL),
(364, 51, 28, 92, '450/10', '2010-06-04 00:00:00', '2013-06-03 00:00:00', 2, '2017-05-10', '2017-05-10', NULL, NULL),
(365, 51, 28, 244, '179/00', '2000-02-28 00:00:00', '2000-12-26 00:00:00', 2, '2017-05-10', '2017-05-10', NULL, NULL),
(366, 51, 28, 244, '179/00', '2000-02-28 00:00:00', NULL, 2, '2017-05-10', '2017-05-10', NULL, NULL),
(367, 58, 28, 31, '516/10', '2010-08-11 00:00:00', '2013-08-11 00:00:00', 2, '2017-05-10', '2017-05-10', NULL, NULL),
(368, 59, 28, 22, '641/09', '2009-11-23 00:00:00', '2009-11-23 00:00:00', 2, '2017-05-10', '2017-05-10', NULL, NULL),
(369, 124, 28, 229, '645/98', '1998-11-13 00:00:00', '2000-02-28 00:00:00', 1, '2017-05-10', '2017-05-10', NULL, NULL),
(370, 4, 29, 183, '260/11', '2011-04-25 00:00:00', '2011-05-25 00:00:00', 1, '2017-05-10', '2017-05-10', NULL, NULL),
(371, 9, 29, 174, '103/02', '2002-03-20 00:00:00', '2002-12-27 00:00:00', 1, '2017-05-10', '2017-05-10', NULL, NULL),
(372, 13, 29, 156, '420/04', '2004-06-30 00:00:00', NULL, 2, '2017-05-10', '2017-05-10', NULL, NULL),
(373, 41, 29, 166, '309/09', '2009-05-18 00:00:00', '2010-05-18 00:00:00', 2, '2017-05-10', '2017-05-10', NULL, NULL),
(374, 51, 29, 244, '741/04', '2005-02-01 00:00:00', NULL, 2, '2017-05-10', '2017-05-10', NULL, NULL),
(375, 124, 29, 174, '629/02', '2002-12-27 00:00:00', '2003-05-01 00:00:00', 1, '2017-05-10', '2017-05-10', NULL, NULL),
(376, 124, 29, 183, '038/10', '2010-03-01 00:00:00', NULL, 1, '2017-05-10', '2017-05-10', NULL, NULL),
(377, 124, 29, 221, '216/03', '2003-05-01 00:00:00', '2005-02-01 00:00:00', 1, '2017-05-10', '2017-05-10', NULL, NULL),
(378, 11, 30, 50, '231/05', '2005-04-29 00:00:00', '2006-10-24 00:00:00', 2, '2017-05-10', '2017-05-10', NULL, NULL),
(379, 11, 30, 50, '264/08', '2008-05-05 00:00:00', '2009-05-05 00:00:00', 2, '2017-05-10', '2017-05-10', NULL, NULL),
(380, 35, 30, 188, '148/04', '2004-03-19 00:00:00', '2005-02-01 00:00:00', 2, '2017-05-10', '2017-05-10', NULL, NULL),
(382, 105, 30, 1, '', '2010-03-01 00:00:00', '2012-12-31 00:00:00', 2, '2017-05-10', '2017-05-10', 'roberto.jpg', '30'),
(383, 124, 30, 206, '080/07', '2007-01-01 00:00:00', '2010-02-28 00:00:00', 1, '2017-05-10', '2017-05-10', NULL, NULL),
(384, 124, 30, 220, '738/04', '2005-02-01 00:00:00', '2007-03-01 00:00:00', 1, '2017-05-10', '2017-05-10', NULL, NULL),
(385, 3, 31, 71, '593/01', '2001-10-23 00:00:00', NULL, 2, '2017-05-10', '2017-05-10', NULL, NULL),
(386, 7, 31, 209, '632/04', '2004-12-11 00:00:00', '2005-03-06 00:00:00', 1, '2017-05-10', '2017-05-10', NULL, NULL),
(387, 7, 31, 214, '007/96', '1996-02-04 00:00:00', '1998-12-11 00:00:00', 1, '2017-05-10', '2017-05-10', NULL, NULL),
(388, 7, 31, 215, '428/90', '1990-08-10 00:00:00', '1996-02-03 00:00:00', 1, '2017-05-10', '2017-05-10', NULL, NULL),
(390, 38, 31, 79, '445/06', '2006-08-01 00:00:00', '2009-07-31 00:00:00', 2, '2017-05-10', '2017-05-10', NULL, NULL),
(391, 38, 31, 80, '551/00', '2000-08-01 00:00:00', '2000-08-17 00:00:00', 2, '2017-05-10', '2017-05-10', NULL, NULL),
(392, 64, 31, 64, '446/06', '2006-08-01 00:00:00', '2009-07-31 00:00:00', 2, '2017-05-10', '2017-05-10', NULL, NULL),
(393, 64, 31, 64, '552/00', '2000-08-01 00:00:00', '2000-08-17 00:00:00', 2, '2017-05-10', '2017-05-10', NULL, NULL),
(394, 76, 31, 180, '712/10', '2011-02-27 00:00:00', '2017-02-26 00:00:00', 1, '2017-05-10', '2017-05-10', NULL, NULL),
(395, 76, 31, 201, '038/05', '2005-03-06 00:00:00', '2011-03-05 00:00:00', 1, '2017-05-10', '2017-05-10', NULL, NULL),
(396, 76, 31, 209, '654/98', '1998-12-12 00:00:00', '2004-12-11 00:00:00', 1, '2017-05-10', '2017-05-10', NULL, NULL),
(398, 124, 31, 174, '034/89', '1989-03-26 00:00:00', '1990-08-09 00:00:00', 1, '2017-05-10', '2017-05-10', NULL, NULL),
(399, 124, 31, 228, '326/88', '1988-07-04 00:00:00', '1989-03-25 00:00:00', 1, '2017-05-10', '2017-05-10', NULL, NULL),
(400, 7, 32, 174, '613/85', '1985-09-25 00:00:00', '1986-03-07 00:00:00', 1, '2017-05-10', '2017-05-10', NULL, NULL),
(401, 7, 32, 174, '516/85', '1985-08-02 00:00:00', '1985-09-24 00:00:00', 1, '2017-05-10', '2017-05-10', NULL, NULL),
(402, 8, 32, 174, '051/04', '2004-03-07 00:00:00', '2005-02-22 00:00:00', 1, '2017-05-10', '2017-05-10', NULL, NULL),
(403, 11, 32, 6, '530/02', '2002-10-12 00:00:00', '2006-07-02 00:00:00', 2, '2017-05-10', '2017-05-10', NULL, NULL),
(404, 11, 32, 6, '', '2006-07-02 00:00:00', NULL, 2, '2017-05-10', '2017-05-10', NULL, NULL),
(405, 11, 32, 8, '753/96', '1996-08-31 00:00:00', '1999-10-12 00:00:00', 2, '2017-05-10', '2017-05-10', NULL, NULL),
(406, 11, 32, 8, '028/09', '1999-10-11 00:00:00', '2002-10-13 00:00:00', 2, '2017-05-10', '2017-05-10', NULL, NULL),
(407, 11, 32, 12, '290/10', '2010-03-08 00:00:00', '2013-03-08 00:00:00', 2, '2017-05-10', '2017-05-10', NULL, NULL),
(408, 11, 32, 15, '676/87', '1987-10-13 00:00:00', NULL, 2, '2017-05-10', '2017-05-10', NULL, NULL),
(409, 55, 32, 63, '339/10', '2010-05-03 00:00:00', '2013-05-03 00:00:00', 2, '2017-05-10', '2017-05-10', NULL, NULL),
(410, 56, 32, 64, '468/09', '2009-08-01 00:00:00', '2012-07-31 00:00:00', 2, '2017-05-10', '2017-05-10', NULL, NULL),
(411, 57, 32, 33, '621/10', '2010-10-28 00:00:00', '2015-10-28 00:00:00', 2, '2017-05-10', '2017-05-10', NULL, NULL),
(412, 64, 32, 33, '674/00', '2000-10-30 00:00:00', '2005-10-29 00:00:00', 2, '2017-05-10', '2017-05-10', NULL, NULL),
(413, 64, 32, 33, '627/05', '2005-10-31 00:00:00', '2010-10-30 00:00:00', 2, '2017-05-10', '2017-05-10', NULL, NULL),
(414, 64, 32, 34, '084/94', '1994-12-20 00:00:00', '1999-12-19 00:00:00', 2, '2017-05-10', '2017-05-10', NULL, NULL),
(415, 64, 32, 63, '676/01', '2001-12-27 00:00:00', '2003-06-14 00:00:00', 2, '2017-05-10', '2017-05-10', NULL, NULL),
(416, 64, 32, 64, '083/94', '1994-12-20 00:00:00', '1999-12-19 00:00:00', 2, '2017-05-10', '2017-05-10', NULL, NULL),
(417, 64, 32, 64, '552/00', '2000-08-01 00:00:00', '2003-06-14 00:00:00', 2, '2017-05-10', '2017-05-10', NULL, NULL),
(418, 64, 32, 64, '397/03', '2003-08-01 00:00:00', '2006-07-31 00:00:00', 2, '2017-05-10', '2017-05-10', NULL, NULL),
(419, 64, 32, 64, '456/06', '2006-08-01 00:00:00', '2009-07-31 00:00:00', 2, '2017-05-10', '2017-05-10', NULL, NULL),
(420, 76, 32, 174, '711/10', '2011-02-22 00:00:00', '2017-02-21 00:00:00', 1, '2017-05-10', '2017-05-10', NULL, NULL),
(421, 76, 32, 174, '040/05', '2005-02-22 00:00:00', '2011-02-21 00:00:00', 1, '2017-05-10', '2017-05-10', NULL, NULL),
(422, 76, 32, 174, '053/98', '1998-03-08 00:00:00', '2004-03-07 00:00:00', 1, '2017-05-10', '2017-05-10', NULL, NULL),
(423, 76, 32, 174, '040/92', '1992-03-08 00:00:00', '1998-03-07 00:00:00', 1, '2017-05-10', '2017-05-10', NULL, NULL),
(424, 76, 32, 174, '062/86', '1986-03-08 00:00:00', '1992-03-07 00:00:00', 1, '2017-05-10', '2017-05-10', NULL, NULL),
(425, 102, 32, 93, '521/85', '1985-08-02 00:00:00', NULL, 2, '2017-05-10', '2017-05-10', NULL, NULL),
(426, 102, 32, 93, '519/85', '1985-08-02 00:00:00', NULL, 2, '2017-05-10', '2017-05-10', NULL, NULL),
(427, 102, 32, 107, '520/85', '1985-08-02 00:00:00', '1987-01-01 00:00:00', 2, '2017-05-10', '2017-05-10', NULL, NULL),
(428, 102, 32, 135, '517/85', '1985-08-02 00:00:00', '1989-06-02 00:00:00', 2, '2017-05-10', '2017-05-10', NULL, NULL),
(429, 102, 32, 141, '597/93', '1993-10-19 00:00:00', '1994-03-30 00:00:00', 2, '2017-05-10', '2017-05-10', NULL, NULL),
(430, 102, 32, 141, '049/94', '1994-03-31 00:00:00', NULL, 2, '2017-05-10', '2017-05-10', NULL, NULL),
(431, 102, 32, 141, '518/85', '1985-08-02 00:00:00', NULL, 2, '2017-05-10', '2017-05-10', NULL, NULL),
(432, 2, 65, 24, '174/12', '2012-03-04 00:00:00', NULL, 2, '2017-05-10', '2017-05-10', 'Passarell a cargo arquidioc 12-03-01 174.doc', 'f3efaece-ef3f-49c4-b774-c477a1be5142'),
(433, 118, 32, 25, '318/06', '2006-06-15 00:00:00', '2009-06-14 00:00:00', 1, '2017-05-10', '2017-05-10', NULL, NULL),
(434, 118, 32, 25, '289/03', '2003-06-15 00:00:00', '2006-06-14 00:00:00', 1, '2017-05-10', '2017-05-10', NULL, NULL),
(435, 118, 32, 25, '470/00', '2000-06-15 00:00:00', '2003-06-14 00:00:00', 1, '2017-05-10', '2017-05-10', NULL, NULL),
(436, 118, 32, 25, '080/94', '1994-12-20 00:00:00', '1997-12-19 00:00:00', 1, '2017-05-10', '2017-05-10', NULL, NULL),
(437, 123, 32, 24, '011/05', '2011-09-17 00:00:00', '2012-09-17 00:00:00', 2, '2017-05-10', '2017-05-10', NULL, NULL),
(438, 126, 32, 200, '068/83', '1983-05-05 00:00:00', '1983-08-04 00:00:00', 1, '2017-05-10', '2017-05-10', NULL, NULL),
(439, 127, 32, 13, '373/77', '1977-08-11 00:00:00', NULL, 2, '2017-05-10', '2017-05-10', NULL, NULL),
(440, 127, 32, 15, '394/81', '1981-06-19 00:00:00', '1984-06-28 00:00:00', 2, '2017-05-10', '2017-05-10', NULL, NULL),
(441, 127, 32, 16, '429/84', '1984-06-29 00:00:00', '1987-10-12 00:00:00', 2, '2017-05-10', '2017-05-10', NULL, NULL),
(442, 128, 32, 25, '088/82', '1982-03-08 00:00:00', NULL, 1, '2017-05-10', '2017-05-10', NULL, NULL),
(443, 38, 33, 78, '395/03', '2003-08-01 00:00:00', '2006-07-31 00:00:00', 2, '2017-05-10', '2017-05-10', NULL, NULL),
(444, 64, 33, 64, '397/03', '2003-08-01 00:00:00', '2006-07-31 00:00:00', 2, '2017-05-10', '2017-05-10', NULL, NULL),
(445, 76, 33, 175, '421/08', '2008-09-07 00:00:00', '2011-10-24 00:00:00', 1, '2017-05-10', '2017-05-10', NULL, NULL),
(446, 76, 33, 176, '175/07', '2007-03-18 00:00:00', '2008-08-24 00:00:00', 1, '2017-05-10', '2017-05-10', NULL, NULL),
(447, 76, 33, 208, '266/01', '2001-06-03 00:00:00', '2007-03-18 00:00:00', 1, '2017-05-10', '2017-05-10', NULL, NULL);
INSERT INTO `funcion_sacerdote_institucion` (`id`, `funcion_id`, `sacerdote_id`, `institucion_id`, `protocolo`, `falta`, `fbaja`, `orden`, `created`, `modified`, `file_name`, `file_dir`) VALUES
(448, 102, 33, 102, '756/04', '2005-01-01 00:00:00', NULL, 2, '2017-05-10', '2017-05-10', NULL, NULL),
(449, 124, 33, 181, '278/00', '2000-03-27 00:00:00', '2001-06-03 00:00:00', 1, '2017-05-10', '2017-05-10', NULL, NULL),
(450, 124, 33, 220, '553/97', '1997-11-08 00:00:00', '2000-03-27 00:00:00', 1, '2017-05-10', '2017-05-10', NULL, NULL),
(451, 4, 34, 170, '144/11', '2011-03-04 00:00:00', '2011-04-04 00:00:00', 1, '2017-05-10', '2017-05-10', NULL, NULL),
(452, 11, 34, 10, '290/10', '2010-03-08 00:00:00', '2013-03-08 00:00:00', 2, '2017-05-10', '2017-05-10', NULL, NULL),
(453, 35, 34, 182, '149/04', '2004-03-19 00:00:00', '2004-11-08 00:00:00', 2, '2017-05-10', '2017-05-10', NULL, NULL),
(454, 44, 34, 163, '748/05', '2005-12-29 00:00:00', '2008-12-28 00:00:00', 2, '2017-05-10', '2017-05-10', NULL, NULL),
(455, 51, 34, 245, '11/157', '2011-12-22 00:00:00', NULL, 2, '2017-05-10', '2017-05-10', NULL, NULL),
(456, 97, 34, 247, '689/09', '2010-01-01 00:00:00', NULL, 2, '2017-05-10', '2017-05-10', NULL, NULL),
(457, 102, 34, 247, '580/09', '2009-10-05 00:00:00', '2009-12-31 00:00:00', 2, '2017-05-10', '2017-05-10', NULL, NULL),
(458, 102, 34, 247, '690/09', '2010-01-01 00:00:00', NULL, 2, '2017-05-10', '2017-05-10', NULL, NULL),
(459, 124, 34, 229, '644/04', '2004-11-08 00:00:00', NULL, 1, '2017-05-10', '2017-05-10', NULL, NULL),
(460, 7, 35, 183, '304/84', '1984-05-31 00:00:00', NULL, 1, '2017-05-10', '2017-05-10', NULL, NULL),
(461, 11, 35, 14, '432/84', '1984-06-29 00:00:00', '1987-10-12 00:00:00', 2, '2017-05-10', '2017-05-10', NULL, NULL),
(462, 28, 35, 240, '336/83', '1983-07-06 00:00:00', NULL, 2, '2017-05-10', '2017-05-10', NULL, NULL),
(463, 48, 35, 30, '157/85', '1985-04-10 00:00:00', NULL, 2, '2017-05-10', '2017-05-10', NULL, NULL),
(464, 75, 35, 253, '369/78', '1978-07-21 00:00:00', NULL, 2, '2017-05-10', '2017-05-10', NULL, NULL),
(465, 116, 35, 180, '258/76', '1977-01-01 00:00:00', NULL, 1, '2017-05-10', '2017-05-10', NULL, NULL),
(466, 116, 35, 183, '148/83', '1983-06-06 00:00:00', NULL, 1, '2017-05-10', '2017-05-10', NULL, NULL),
(467, 116, 35, 228, '480/79', '1979-12-23 00:00:00', NULL, 1, '2017-05-10', '2017-05-10', NULL, NULL),
(468, 124, 35, 190, '441/00', '2000-06-04 00:00:00', NULL, 1, '2017-05-10', '2017-05-10', NULL, NULL),
(469, 124, 35, 190, '307/00', '2000-04-05 00:00:00', NULL, 1, '2017-05-10', '2017-05-10', NULL, NULL),
(470, 124, 35, 224, '530/86', '1986-08-08 00:00:00', '2000-04-05 00:00:00', 1, '2017-05-10', '2017-05-10', NULL, NULL),
(471, 52, 36, 1, '063/02', '2002-03-01 00:00:00', NULL, 2, '2017-05-10', '2017-05-10', 'continuar', '36'),
(472, 124, 36, 191, '739/00', '2000-12-16 00:00:00', '2002-03-04 00:00:00', 1, '2017-05-10', '2017-05-10', NULL, NULL),
(473, 7, 37, 177, '594/08', '2008-12-04 00:00:00', NULL, 2, '2017-05-10', '2017-05-10', NULL, NULL),
(474, 7, 37, 219, '446/02', '2002-08-23 00:00:00', '2002-12-29 00:00:00', 1, '2017-05-10', '2017-05-10', NULL, NULL),
(475, 38, 37, 32, '610/90', '1990-12-10 00:00:00', '1993-10-31 00:00:00', 2, '2017-05-10', '2017-05-10', NULL, NULL),
(476, 76, 37, 177, '612/02', '2002-12-29 00:00:00', '2008-12-28 00:00:00', 1, '2017-05-10', '2017-05-10', NULL, NULL),
(477, 76, 37, 216, '646/08', '2009-02-22 00:00:00', '2015-02-21 00:00:00', 1, '2017-05-10', '2017-05-10', NULL, NULL),
(478, 76, 37, 219, '727/96', '1996-08-23 00:00:00', '2002-08-23 00:00:00', 1, '2017-05-10', '2017-05-10', NULL, NULL),
(479, 102, 37, 97, '143/90', '1990-04-20 00:00:00', NULL, 2, '2017-05-10', '2017-05-10', NULL, NULL),
(480, 124, 37, 183, '327/88', '1988-07-04 00:00:00', '1989-04-11 00:00:00', 1, '2017-05-10', '2017-05-10', NULL, NULL),
(481, 124, 37, 226, '099/89', '1989-04-12 00:00:00', '1996-08-22 00:00:00', 1, '2017-05-10', '2017-05-10', NULL, NULL),
(482, 7, 38, 188, '571/91', '1991-10-08 00:00:00', NULL, 1, '2017-05-10', '2017-05-10', NULL, NULL),
(483, 7, 38, 194, '011/93', '1993-02-07 00:00:00', NULL, 1, '2017-05-10', '2017-05-10', NULL, NULL),
(484, 7, 38, 200, '453/88', '1988-09-20 00:00:00', NULL, 1, '2017-05-10', '2017-05-10', NULL, NULL),
(485, 7, 38, 200, '744/85', '1986-03-03 00:00:00', NULL, 1, '2017-05-10', '2017-05-10', NULL, NULL),
(486, 7, 38, 213, '162/85', '1985-04-13 00:00:00', NULL, 1, '2017-05-10', '2017-05-10', NULL, NULL),
(487, 7, 38, 216, '037/89', '1989-03-04 00:00:00', NULL, 1, '2017-05-10', '2017-05-10', NULL, NULL),
(488, 26, 38, 38, '158/85', '1985-04-10 00:00:00', NULL, 2, '2017-05-10', '2017-05-10', NULL, NULL),
(489, 27, 38, 167, '002/07', '2007-01-03 00:00:00', NULL, 2, '2017-05-10', '2017-05-10', NULL, NULL),
(490, 28, 38, 240, '738/86', '1986-12-03 00:00:00', NULL, 2, '2017-05-10', '2017-05-10', NULL, NULL),
(491, 33, 38, 244, '090/92', '1992-04-15 00:00:00', NULL, 2, '2017-05-10', '2017-05-10', NULL, NULL),
(492, 41, 38, 49, '320/87', '1987-06-12 00:00:00', '1990-06-11 00:00:00', 2, '2017-05-10', '2017-05-10', NULL, NULL),
(493, 41, 38, 162, '083/92', '1992-04-03 00:00:00', '1995-04-02 00:00:00', 2, '2017-05-10', '2017-05-10', NULL, NULL),
(494, 76, 38, 188, '637/91', '1991-12-09 00:00:00', '1997-12-08 00:00:00', 1, '2017-05-10', '2017-05-10', NULL, NULL),
(495, 97, 38, 246, '024/93', '1993-02-24 00:00:00', NULL, 2, '2017-05-10', '2017-05-10', NULL, NULL),
(496, 102, 38, 39, '594/91', '1991-10-11 00:00:00', NULL, 2, '2017-05-10', '2017-05-10', NULL, NULL),
(497, 102, 38, 39, '593/91', '1991-10-11 00:00:00', NULL, 2, '2017-05-10', '2017-05-10', NULL, NULL),
(498, 102, 38, 98, '595/91', '1991-10-11 00:00:00', NULL, 2, '2017-05-10', '2017-05-10', NULL, NULL),
(499, 102, 38, 105, '147/90', '1990-04-25 00:00:00', NULL, 2, '2017-05-10', '2017-05-10', NULL, NULL),
(500, 102, 38, 246, '023/93', '1993-02-19 00:00:00', NULL, 2, '2017-05-10', '2017-05-10', NULL, NULL),
(501, 124, 38, 183, '490/97', '1997-10-13 00:00:00', '2004-12-27 00:00:00', 1, '2017-05-10', '2017-05-10', NULL, NULL),
(502, 124, 38, 183, '005/85', '1985-02-16 00:00:00', NULL, 1, '2017-05-10', '2017-05-10', NULL, NULL),
(503, 124, 38, 190, '732/04', '2004-12-27 00:00:00', NULL, 1, '2017-05-10', '2017-05-10', NULL, NULL),
(504, 124, 38, 213, '009/95', '1995-02-12 00:00:00', NULL, 1, '2017-05-10', '2017-05-10', NULL, NULL),
(505, 22, 39, 120, '934/96', '1996-11-23 00:00:00', NULL, 2, '2017-05-10', '2017-05-10', NULL, NULL),
(506, 124, 39, 173, '236/00', '2000-03-24 00:00:00', '2004-03-13 00:00:00', 1, '2017-05-10', '2017-05-10', NULL, NULL),
(507, 124, 39, 181, '885/96', '1996-10-12 00:00:00', '1996-11-18 00:00:00', 1, '2017-05-10', '2017-05-10', NULL, NULL),
(508, 124, 39, 187, '161/07', '2007-03-05 00:00:00', NULL, 1, '2017-05-10', '2017-05-10', NULL, NULL),
(509, 124, 39, 188, '933/00', '1996-11-19 00:00:00', '2000-03-24 00:00:00', 1, '2017-05-10', '2017-05-10', NULL, NULL),
(510, 124, 39, 227, '101/04', '2004-03-13 00:00:00', '2007-03-05 00:00:00', 1, '2017-05-10', '2017-05-10', NULL, NULL),
(511, 124, 39, 229, '044/10', '2010-03-01 00:00:00', '2011-06-06 00:00:00', 1, '2017-05-10', '2017-05-10', NULL, NULL),
(512, 127, 39, 234, '546/08', '2008-11-18 00:00:00', '2010-11-18 00:00:00', 2, '2017-05-10', '2017-05-10', NULL, NULL),
(513, 78, 40, 194, '603/02', '2002-12-29 00:00:00', NULL, 1, '2017-05-10', '2017-05-10', NULL, NULL),
(514, 7, 41, 183, '010/93', '2003-02-13 00:00:00', NULL, 1, '2017-05-10', '2017-05-10', NULL, NULL),
(515, 7, 41, 188, '513/90', '1990-10-04 00:00:00', NULL, 1, '2017-05-10', '2017-05-10', NULL, NULL),
(516, 7, 41, 226, '644/84', '1984-09-21 00:00:00', '1984-09-30 00:00:00', 1, '2017-05-10', '2017-05-10', NULL, NULL),
(517, 11, 41, 2, '753/96', '1996-08-31 00:00:00', '1999-10-12 00:00:00', 2, '2017-05-10', '2017-05-10', NULL, NULL),
(518, 11, 41, 2, '028/99', '1999-10-11 00:00:00', '2002-10-12 00:00:00', 2, '2017-05-10', '2017-05-10', NULL, NULL),
(519, 11, 41, 26, '428/02', '2002-10-29 00:00:00', '2005-10-28 00:00:00', 2, '2017-05-10', '2017-05-10', NULL, NULL),
(520, 11, 41, 19, '430/84', '1984-06-29 00:00:00', '1987-10-12 00:00:00', 2, '2017-05-10', '2017-05-10', NULL, NULL),
(521, 11, 41, 19, '435/90', '1990-08-17 00:00:00', '1993-10-12 00:00:00', 2, '2017-05-10', '2017-05-10', NULL, NULL),
(522, 11, 41, 19, '494/93', '1993-08-27 00:00:00', '1996-10-12 00:00:00', 2, '2017-05-10', '2017-05-10', NULL, NULL),
(523, 11, 41, 19, '672/87', '1987-10-13 00:00:00', NULL, 2, '2017-05-10', '2017-05-10', NULL, NULL),
(524, 11, 41, 111, '546/85', '1985-08-09 00:00:00', NULL, 2, '2017-05-10', '2017-05-10', NULL, NULL),
(525, 19, 41, 29, '585/78', '1978-11-11 00:00:00', NULL, 2, '2017-05-10', '2017-05-10', NULL, NULL),
(526, 24, 41, 113, '089/82', '1982-03-04 00:00:00', NULL, 2, '2017-05-10', '2017-05-10', NULL, NULL),
(527, 27, 41, 167, '693/80', '1980-11-10 00:00:00', NULL, 2, '2017-05-10', '2017-05-10', NULL, NULL),
(528, 32, 41, 134, '093/76', '1976-04-30 00:00:00', '1979-04-29 00:00:00', 2, '2017-05-10', '2017-05-10', NULL, NULL),
(529, 34, 41, 253, '369/78', '1978-07-21 00:00:00', NULL, 2, '2017-05-10', '2017-05-10', NULL, NULL),
(530, 40, 41, 253, '624/04', '2004-11-05 00:00:00', '2006-06-30 00:00:00', 2, '2017-05-10', '2017-05-10', NULL, NULL),
(531, 40, 41, 253, '389/06', '2006-07-01 00:00:00', '2009-06-30 00:00:00', 2, '2017-05-10', '2017-05-10', NULL, NULL),
(532, 40, 41, 253, '443/09', '2009-06-03 00:00:00', '2012-06-03 00:00:00', 2, '2017-05-10', '2017-05-10', NULL, NULL),
(533, 47, 41, 244, '066/86', '1986-03-07 00:00:00', NULL, 2, '2017-05-10', '2017-05-10', NULL, NULL),
(534, 47, 41, 246, '007/95', '1995-02-01 00:00:00', NULL, 2, '2017-05-10', '2017-05-10', NULL, NULL),
(535, 47, 41, 246, '661/91', '1991-12-13 00:00:00', NULL, 2, '2017-05-10', '2017-05-10', NULL, NULL),
(536, 60, 41, 253, '751/86', '1986-12-04 00:00:00', '1989-12-03 00:00:00', 2, '2017-05-10', '2017-05-10', NULL, NULL),
(537, 60, 41, 253, '603/95', '1995-08-26 00:00:00', '1999-12-31 00:00:00', 2, '2017-05-10', '2017-05-10', NULL, NULL),
(538, 60, 41, 253, '250/01', '2001-05-14 00:00:00', '2003-06-30 00:00:00', 2, '2017-05-10', '2017-05-10', NULL, NULL),
(539, 60, 41, 253, '387/92', '1992-08-27 00:00:00', NULL, 2, '2017-05-10', '2017-05-10', NULL, NULL),
(540, 60, 41, 1, '352/03', '2003-07-01 00:00:00', '2004-11-05 00:00:00', 2, '2017-05-10', '2017-05-10', 'Bourlot Oscar A SFcoSolano 2005-02-01 012.doc', '41'),
(541, 62, 41, 255, '073/08', '2008-02-07 00:00:00', '2008-04-07 00:00:00', 2, '2017-05-10', '2017-05-10', NULL, NULL),
(542, 63, 41, 29, '107/75', '1975-05-24 00:00:00', NULL, 2, '2017-05-10', '2017-05-10', NULL, NULL),
(543, 65, 41, 34, '654/83', '1983-09-21 00:00:00', '1988-09-20 00:00:00', 2, '2017-05-10', '2017-05-10', NULL, NULL),
(544, 65, 41, 34, '503/88', '1988-10-19 00:00:00', '1993-10-18 00:00:00', 2, '2017-05-10', '2017-05-10', NULL, NULL),
(545, 66, 41, 64, '500/88', '1988-10-14 00:00:00', '1993-10-13 00:00:00', 2, '2017-05-10', '2017-05-10', NULL, NULL),
(546, 66, 41, 64, '590/93', '1993-10-12 00:00:00', '1994-03-25 00:00:00', 2, '2017-05-10', '2017-05-10', NULL, NULL),
(547, 66, 41, 64, '083/94', '1994-12-20 00:00:00', '1999-12-19 00:00:00', 2, '2017-05-10', '2017-05-10', NULL, NULL),
(548, 67, 41, 57, '185/93', '1993-05-27 00:00:00', NULL, 2, '2017-05-10', '2017-05-10', NULL, NULL),
(549, 67, 41, 57, '182/92', '1992-06-02 00:00:00', NULL, 2, '2017-05-10', '2017-05-10', NULL, NULL),
(550, 67, 41, 57, '173/91', '1991-05-20 00:00:00', NULL, 2, '2017-05-10', '2017-05-10', NULL, NULL),
(551, 71, 41, 34, '593/93', '1993-10-13 00:00:00', '1994-03-25 00:00:00', 2, '2017-05-10', '2017-05-10', NULL, NULL),
(552, 71, 41, 34, '084/94', '1994-12-20 00:00:00', '1999-12-19 00:00:00', 2, '2017-05-10', '2017-05-10', NULL, NULL),
(553, 72, 41, 64, '655/83', '1983-09-21 00:00:00', '1988-09-20 00:00:00', 2, '2017-05-10', '2017-05-10', NULL, NULL),
(554, 84, 41, 244, '062/81', '1981-05-13 00:00:00', NULL, 2, '2017-05-10', '2017-05-10', NULL, NULL),
(555, 84, 41, 244, '159/80', '1980-03-07 00:00:00', NULL, 2, '2017-05-10', '2017-05-10', NULL, NULL),
(556, 86, 41, 244, '159/80', '1980-03-07 00:00:00', NULL, 2, '2017-05-10', '2017-05-10', NULL, NULL),
(557, 86, 41, 244, '585/78', '1978-11-11 00:00:00', NULL, 2, '2017-05-10', '2017-05-10', NULL, NULL),
(558, 87, 41, 244, '073/75', '1975-03-01 00:00:00', NULL, 2, '2017-05-10', '2017-05-10', NULL, NULL),
(559, 90, 41, 244, '150/78', '1978-03-28 00:00:00', NULL, 2, '2017-05-10', '2017-05-10', NULL, NULL),
(560, 90, 41, 244, '041/77', '1977-03-07 00:00:00', NULL, 2, '2017-05-10', '2017-05-10', NULL, NULL),
(561, 94, 41, 244, '062/81', '1981-05-13 00:00:00', NULL, 2, '2017-05-10', '2017-05-10', NULL, NULL),
(562, 102, 41, 144, '105/85', '1985-03-14 00:00:00', NULL, 2, '2017-05-10', '2017-05-10', NULL, NULL),
(563, 103, 41, 144, '650/08', '2009-02-01 00:00:00', NULL, 2, '2017-05-10', '2017-05-10', NULL, NULL),
(564, 112, 41, 29, '247/84', '1984-05-19 00:00:00', NULL, 2, '2017-05-10', '2017-05-10', NULL, NULL),
(565, 117, 41, 148, '412/92', '1992-09-16 00:00:00', '1995-09-16 00:00:00', 1, '2017-05-10', '2017-05-10', NULL, NULL),
(566, 117, 41, 148, '470/89', '1989-09-20 00:00:00', '1992-09-19 00:00:00', 1, '2017-05-10', '2017-05-10', NULL, NULL),
(567, 117, 41, 148, '661/87', '1987-10-08 00:00:00', '1989-06-01 00:00:00', 1, '2017-05-10', '2017-05-10', NULL, NULL),
(568, 117, 41, 148, '139/83', '1983-06-01 00:00:00', '1986-05-31 00:00:00', 1, '2017-05-10', '2017-05-10', NULL, NULL),
(569, 127, 41, 15, '395/81', '1981-06-19 00:00:00', '1984-06-28 00:00:00', 2, '2017-05-10', '2017-05-10', NULL, NULL),
(570, 127, 41, 16, '551/77', '1977-10-24 00:00:00', NULL, 2, '2017-05-10', '2017-05-10', NULL, NULL),
(571, 4, 42, 196, '617/02', '2002-12-29 00:00:00', '2003-03-02 00:00:00', 1, '2017-05-10', '2017-05-10', NULL, NULL),
(572, 124, 42, 174, '609/98', '1998-09-02 00:00:00', '1999-02-16 00:00:00', 1, '2017-05-10', '2017-05-10', NULL, NULL),
(573, 124, 42, 196, '236/02', '2002-04-30 00:00:00', '2002-12-29 00:00:00', 1, '2017-05-10', '2017-05-10', NULL, NULL),
(574, 124, 42, 197, '611/02', '2002-12-18 00:00:00', NULL, 1, '2017-05-10', '2017-05-10', NULL, NULL),
(575, 124, 42, 216, '957/96', '1996-12-09 00:00:00', '1997-10-13 00:00:00', 1, '2017-05-10', '2017-05-10', NULL, NULL),
(576, 124, 42, 226, '491/97', '1997-10-13 00:00:00', '1998-09-01 00:00:00', 1, '2017-05-10', '2017-05-10', NULL, NULL),
(577, 124, 42, 232, '886/96', '1996-10-12 00:00:00', '1996-12-09 00:00:00', 1, '2017-05-10', '2017-05-10', NULL, NULL),
(578, 130, 42, 46, '472/10', '2010-07-01 00:00:00', '2013-06-30 00:00:00', 2, '2017-05-10', '2017-05-10', NULL, NULL),
(579, 7, 43, 188, '280/84', '1984-05-18 00:00:00', NULL, 1, '2017-05-10', '2017-05-10', NULL, NULL),
(580, 7, 43, 188, '070/84', '1984-02-17 00:00:00', NULL, 1, '2017-05-10', '2017-05-10', NULL, NULL),
(581, 7, 43, 205, '007/85', '1985-02-03 00:00:00', NULL, 1, '2017-05-10', '2017-05-10', NULL, NULL),
(582, 30, 43, 55, '100/88', '1988-03-23 00:00:00', '1991-03-22 00:00:00', 2, '2017-05-10', '2017-05-10', NULL, NULL),
(583, 47, 43, 153, '403/85', '1985-07-15 00:00:00', '1988-07-14 00:00:00', 2, '2017-05-10', '2017-05-10', NULL, NULL),
(584, 60, 43, 253, '387/92', '1992-08-27 00:00:00', '1995-08-26 00:00:00', 2, '2017-05-10', '2017-05-10', NULL, NULL),
(585, 66, 43, 64, '502/88', '1988-10-19 00:00:00', '1993-10-13 00:00:00', 2, '2017-05-10', '2017-05-10', NULL, NULL),
(586, 66, 43, 64, '590/93', '1993-10-12 00:00:00', '1994-03-25 00:00:00', 2, '2017-05-10', '2017-05-10', NULL, NULL),
(587, 69, 43, 33, '503/88', '1988-10-19 00:00:00', '1993-10-18 00:00:00', 2, '2017-05-10', '2017-05-10', NULL, NULL),
(588, 69, 43, 33, '593/93', '1993-10-19 00:00:00', '1994-03-25 00:00:00', 2, '2017-05-10', '2017-05-10', NULL, NULL),
(589, 76, 43, 205, '121/86', '1986-03-25 00:00:00', '1989-03-24 00:00:00', 1, '2017-05-10', '2017-05-10', NULL, NULL),
(590, 76, 43, 212, '073/92', '1992-03-25 00:00:00', '2004-03-07 00:00:00', 1, '2017-05-10', '2017-05-10', NULL, NULL),
(591, 76, 43, 223, '184/10', '2010-03-07 00:00:00', '2016-03-06 00:00:00', 1, '2017-05-10', '2017-05-10', NULL, NULL),
(592, 76, 43, 223, '093/04', '2004-03-07 00:00:00', '2010-03-06 00:00:00', 1, '2017-05-10', '2017-05-10', NULL, NULL),
(593, 77, 43, 1, '507/88', '1988-10-20 00:00:00', '1993-10-19 00:00:00', 2, '2017-05-10', '2017-05-10', NULL, NULL),
(594, 77, 43, 1, '598/93', '1993-10-19 00:00:00', '1994-03-25 00:00:00', 2, '2017-05-10', '2017-05-10', NULL, NULL),
(595, 102, 43, 44, '128/85', '1985-03-26 00:00:00', NULL, 2, '2017-05-10', '2017-05-10', NULL, NULL),
(596, 102, 43, 44, '129/85', '1985-03-26 00:00:00', NULL, 2, '2017-05-10', '2017-05-10', NULL, NULL),
(597, 102, 43, 44, '129/85', '1985-03-26 00:00:00', NULL, 2, '2017-05-10', '2017-05-10', NULL, NULL),
(598, 102, 43, 100, '130/85', '1985-03-26 00:00:00', '2004-03-06 00:00:00', 2, '2017-05-10', '2017-05-10', NULL, NULL),
(599, 102, 43, 100, '130/85', '1985-03-26 00:00:00', NULL, 2, '2017-05-10', '2017-05-10', NULL, NULL),
(600, 102, 43, 140, '179/90', '1990-05-14 00:00:00', NULL, 2, '2017-05-10', '2017-05-10', NULL, NULL),
(601, 116, 43, 188, '443/83', '1983-09-06 00:00:00', NULL, 1, '2017-05-10', '2017-05-10', NULL, NULL),
(602, 116, 43, 213, '105/79', '1979-04-09 00:00:00', NULL, 1, '2017-05-10', '2017-05-10', NULL, NULL),
(603, 121, 43, 253, '752/86', '1986-12-04 00:00:00', '1988-12-03 00:00:00', 2, '2017-05-10', '2017-05-10', NULL, NULL),
(604, 42, 44, 200, '241/10', '2010-03-20 00:00:00', '2010-11-19 00:00:00', 1, '2017-05-10', '2017-05-10', NULL, NULL),
(605, 124, 44, 200, '735/10', '2011-03-01 00:00:00', NULL, 1, '2017-05-10', '2017-05-10', NULL, NULL),
(606, 9, 45, 170, '192/03', '2003-04-08 00:00:00', '2004-03-01 00:00:00', 1, '2017-05-10', '2017-05-10', NULL, NULL),
(607, 11, 45, 53, '429/05', '2005-07-20 00:00:00', '2008-07-19 00:00:00', 2, '2017-05-10', '2017-05-10', NULL, NULL),
(608, 13, 45, 152, '675/05', '2005-12-10 00:00:00', '2007-12-09 00:00:00', 2, '2017-05-10', '2017-05-10', NULL, NULL),
(609, 13, 45, 1, '', '2005-05-13 00:00:00', '2005-11-25 00:00:00', 2, '2017-05-10', '2017-05-10', NULL, NULL),
(610, 44, 45, 146, '212/10', '2010-03-05 00:00:00', '2010-12-31 00:00:00', 2, '2017-05-10', '2017-05-10', NULL, NULL),
(611, 44, 45, 146, '604/10', '2010-10-22 00:00:00', '2013-10-22 00:00:00', 2, '2017-05-10', '2017-05-10', NULL, NULL),
(612, 56, 45, 64, '', '2009-08-01 00:00:00', '2012-07-31 00:00:00', 2, '2017-05-10', '2017-05-10', NULL, NULL),
(613, 58, 45, 31, '516/10', '2010-08-11 00:00:00', '2013-08-11 00:00:00', 2, '2017-05-10', '2017-05-10', NULL, NULL),
(614, 76, 45, 237, '090/08', '2008-03-31 00:00:00', NULL, 2, '2017-05-10', '2017-05-10', NULL, NULL),
(615, 107, 45, 25, '11/082', '2011-11-01 00:00:00', NULL, 1, '2017-05-10', '2017-05-10', NULL, NULL),
(616, 124, 45, 191, '730/10', '2011-03-01 00:00:00', NULL, 1, '2017-05-10', '2017-05-10', NULL, NULL),
(617, 124, 45, 212, '081/07', '2007-03-01 00:00:00', '2011-03-01 00:00:00', 1, '2017-05-10', '2017-05-10', NULL, NULL),
(618, 124, 45, 228, '100/04', '2004-03-01 00:00:00', '2005-02-01 00:00:00', 1, '2017-05-10', '2017-05-10', NULL, NULL),
(619, 28, 46, 126, '034/08', '2008-02-01 00:00:00', '2009-11-30 00:00:00', 2, '2017-05-10', '2017-05-10', NULL, NULL),
(620, 35, 46, 192, '105/02', '2002-03-20 00:00:00', '2002-10-18 00:00:00', 2, '2017-05-10', '2017-05-10', NULL, NULL),
(621, 35, 46, 246, '104/02', '2002-03-20 00:00:00', '2003-02-01 00:00:00', 2, '2017-05-10', '2017-05-10', NULL, NULL),
(622, 47, 46, 246, '453/04', '2004-07-26 00:00:00', '2005-01-17 00:00:00', 2, '2017-05-10', '2017-05-10', NULL, NULL),
(623, 53, 46, 253, '464/07', '2007-07-13 00:00:00', '2009-06-30 00:00:00', 2, '2017-05-10', '2017-05-10', NULL, NULL),
(624, 61, 46, 253, '443/09', '2009-06-30 00:00:00', '2012-06-30 00:00:00', 2, '2017-05-10', '2017-05-10', NULL, NULL),
(625, 105, 46, 1, '701/09', '2010-03-01 00:00:00', '2012-12-31 00:00:00', 2, '2017-05-10', '2017-05-10', NULL, NULL),
(626, 109, 46, 25, '470/04', '2004-07-26 00:00:00', NULL, 2, '2017-05-10', '2017-05-10', NULL, NULL),
(627, 124, 46, 217, '737/04', '2005-01-17 00:00:00', NULL, 1, '2017-05-10', '2017-05-10', NULL, NULL),
(628, 124, 46, 229, '630/02', '2003-02-01 00:00:00', '2004-07-26 00:00:00', 1, '2017-05-10', '2017-05-10', NULL, NULL),
(629, 7, 47, 188, '558/92', '1993-01-01 00:00:00', '1993-02-06 00:00:00', 1, '2017-05-10', '2017-05-10', NULL, NULL),
(630, 7, 47, 211, '392/04', '2004-07-05 00:00:00', NULL, 1, '2017-05-10', '2017-05-10', NULL, NULL),
(631, 7, 47, 211, '032/93', '1993-03-03 00:00:00', '1998-06-19 00:00:00', 1, '2017-05-10', '2017-05-10', NULL, NULL),
(632, 7, 47, 223, '347/88', '1988-07-01 00:00:00', NULL, 1, '2017-05-10', '2017-05-10', NULL, NULL),
(633, 7, 47, 228, '238/87', '1987-03-09 00:00:00', NULL, 1, '2017-05-10', '2017-05-10', NULL, NULL),
(634, 9, 47, 188, '342/92', '1992-07-31 00:00:00', NULL, 1, '2017-05-10', '2017-05-10', NULL, NULL),
(635, 56, 47, 64, '11/106', '2011-11-22 00:00:00', '2012-03-31 00:00:00', 2, '2017-05-10', '2017-05-10', NULL, NULL),
(636, 64, 47, 251, '527/01', '2001-09-28 00:00:00', '2001-09-28 00:00:00', 2, '2017-05-10', '2017-05-10', NULL, NULL),
(637, 76, 47, 188, '078/07', '2007-03-03 00:00:00', '2013-03-02 00:00:00', 1, '2017-05-10', '2017-05-10', NULL, NULL),
(638, 76, 47, 211, '460/98', '1998-06-19 00:00:00', '2004-07-05 00:00:00', 1, '2017-05-10', '2017-05-10', NULL, NULL),
(639, 102, 47, 36, '189/93', '1993-06-01 00:00:00', '2004-07-04 00:00:00', 2, '2017-05-10', '2017-05-10', NULL, NULL),
(640, 102, 47, 39, '075/07', '2007-02-16 00:00:00', '2013-03-02 00:00:00', 2, '2017-05-10', '2017-05-10', NULL, NULL),
(641, 104, 47, 63, '676/01', '2001-12-21 00:00:00', '2004-12-26 00:00:00', 2, '2017-05-10', '2017-05-10', NULL, NULL),
(642, 7, 48, 223, '422/03', '2003-08-07 00:00:00', '2004-03-07 00:00:00', 1, '2017-05-10', '2017-05-10', NULL, NULL),
(643, 38, 48, 80, '445/06', '2006-08-01 00:00:00', '2009-07-31 00:00:00', 2, '2017-05-10', '2017-05-10', NULL, NULL),
(644, 56, 48, 64, '11/106', '2011-11-22 00:00:00', '2012-03-31 00:00:00', 2, '2017-05-10', '2017-05-10', NULL, NULL),
(645, 64, 48, 64, '446/06', '2006-08-01 00:00:00', '2009-07-31 00:00:00', 2, '2017-05-10', '2017-05-10', NULL, NULL),
(646, 76, 48, 217, '185/10', '2010-03-07 00:00:00', '2016-03-06 00:00:00', 1, '2017-05-10', '2017-05-10', NULL, NULL),
(647, 76, 48, 217, '009/04', '2004-03-07 00:00:00', '2010-03-06 00:00:00', 1, '2017-05-10', '2017-05-10', NULL, NULL),
(648, 102, 48, 137, '050/04', '2004-03-07 00:00:00', '2010-03-06 00:00:00', 2, '2017-05-10', '2017-05-10', NULL, NULL),
(649, 102, 48, 137, '201/10', '2010-03-05 00:00:00', '2016-03-06 00:00:00', 2, '2017-05-10', '2017-05-10', NULL, NULL),
(650, 124, 48, 192, '554/97', '1997-11-08 00:00:00', '1998-11-30 00:00:00', 1, '2017-05-10', '2017-05-10', NULL, NULL),
(651, 124, 48, 202, '646/98', '1998-12-01 00:00:00', '2000-03-27 00:00:00', 1, '2017-05-10', '2017-05-10', NULL, NULL),
(652, 124, 48, 205, '657/00', '2000-10-20 00:00:00', '2002-10-15 00:00:00', 1, '2017-05-10', '2017-05-10', NULL, NULL),
(653, 124, 48, 217, '274/00', '2000-03-27 00:00:00', '2000-10-20 00:00:00', 1, '2017-05-10', '2017-05-10', NULL, NULL),
(654, 124, 48, 223, '335/03', '2003-06-26 00:00:00', '2003-08-07 00:00:00', 1, '2017-05-10', '2017-05-10', NULL, NULL),
(655, 7, 49, 201, '136/04', '2004-03-15 00:00:00', '2005-03-06 00:00:00', 1, '2017-05-10', '2017-05-10', NULL, NULL),
(656, 7, 49, 201, '382/92', '1992-08-24 00:00:00', '1992-08-26 00:00:00', 1, '2017-05-10', '2017-05-10', NULL, NULL),
(657, 7, 49, 201, '741/85', '1986-01-01 00:00:00', '1986-03-14 00:00:00', 1, '2017-05-10', '2017-05-10', NULL, NULL),
(658, 15, 49, 25, '195/77', '1977-05-20 00:00:00', NULL, 2, '2017-05-10', '2017-05-10', NULL, NULL),
(659, 24, 49, 59, '234/78', '1978-05-15 00:00:00', NULL, 2, '2017-05-10', '2017-05-10', NULL, NULL),
(660, 27, 49, 83, '174/82', '1982-09-17 00:00:00', NULL, 2, '2017-05-10', '2017-05-10', NULL, NULL),
(661, 28, 49, 128, '790/85', '1986-01-01 00:00:00', NULL, 2, '2017-05-10', '2017-05-10', NULL, NULL),
(662, 38, 49, 79, '499/88', '1988-10-14 00:00:00', '1993-10-13 00:00:00', 2, '2017-05-10', '2017-05-10', NULL, NULL),
(663, 41, 49, 48, '286/84', '1984-05-23 00:00:00', '1987-05-22 00:00:00', 2, '2017-05-10', '2017-05-10', NULL, NULL),
(664, 47, 49, 153, '208/05', '2005-04-25 00:00:00', '2007-12-16 00:00:00', 2, '2017-05-10', '2017-05-10', NULL, NULL),
(665, 72, 49, 64, '590/93', '1993-10-12 00:00:00', '1994-03-25 00:00:00', 2, '2017-05-10', '2017-05-10', NULL, NULL),
(666, 72, 49, 64, '083/94', '1994-12-20 00:00:00', '1999-12-19 00:00:00', 2, '2017-05-10', '2017-05-10', NULL, NULL),
(667, 76, 49, 201, '054/98', '1998-03-15 00:00:00', '2004-03-14 00:00:00', 1, '2017-05-10', '2017-05-10', NULL, NULL),
(668, 76, 49, 201, '046/92', '1992-03-15 00:00:00', '1992-08-23 00:00:00', 1, '2017-05-10', '2017-05-10', NULL, NULL),
(669, 76, 49, 201, '071/86', '1986-03-15 00:00:00', '1992-03-14 00:00:00', 1, '2017-05-10', '2017-05-10', NULL, NULL),
(670, 76, 49, 226, '721/10', '2011-03-06 00:00:00', '2017-03-05 00:00:00', 1, '2017-05-10', '2017-05-10', NULL, NULL),
(671, 76, 49, 226, '037/05', '2005-03-06 00:00:00', '2011-03-05 00:00:00', 1, '2017-05-10', '2017-05-10', NULL, NULL),
(672, 101, 49, 63, '676/01', '2001-12-21 00:00:00', '2004-12-26 00:00:00', 2, '2017-05-10', '2017-05-10', NULL, NULL),
(673, 102, 49, 95, '072/82', '1982-02-19 00:00:00', NULL, 2, '2017-05-10', '2017-05-10', NULL, NULL),
(674, 110, 49, 25, '084/83', '1983-05-11 00:00:00', NULL, 2, '2017-05-10', '2017-05-10', NULL, NULL),
(675, 124, 49, 180, '106/75', '1975-05-23 00:00:00', '1976-09-26 00:00:00', 1, '2017-05-10', '2017-05-10', NULL, NULL),
(676, 124, 49, 225, '178/76', '1976-09-27 00:00:00', '1985-12-31 00:00:00', 1, '2017-05-10', '2017-05-10', NULL, NULL),
(677, 11, 50, 66, '063/89', '1989-03-27 00:00:00', NULL, 2, '2017-05-10', '2017-05-10', NULL, NULL),
(678, 21, 50, 67, '264/78', '1978-05-19 00:00:00', NULL, 2, '2017-05-10', '2017-05-10', NULL, NULL),
(679, 27, 50, 167, '403/01', '2001-06-28 00:00:00', NULL, 2, '2017-05-10', '2017-05-10', NULL, NULL),
(680, 38, 50, 77, '395/03', '2003-08-01 00:00:00', '2006-07-31 00:00:00', 2, '2017-05-10', '2017-05-10', NULL, NULL),
(681, 44, 50, 92, '449/10', '2010-06-04 00:00:00', '2013-06-03 00:00:00', 2, '2017-05-10', '2017-05-10', NULL, NULL),
(682, 56, 50, 64, '', '2009-08-01 00:00:00', '2012-07-31 00:00:00', 2, '2017-05-10', '2017-05-10', NULL, NULL),
(683, 57, 50, 33, '621/10', '2010-10-28 00:00:00', '2015-10-28 00:00:00', 2, '2017-05-10', '2017-05-10', NULL, NULL),
(684, 58, 50, 31, '516/10', '2010-08-11 00:00:00', '2013-08-11 00:00:00', 2, '2017-05-10', '2017-05-10', NULL, NULL),
(685, 64, 50, 33, '627/05', '2005-10-31 00:00:00', '2010-10-30 00:00:00', 2, '2017-05-10', '2017-05-10', NULL, NULL),
(686, 64, 50, 62, '736/04', '2004-12-27 00:00:00', '2007-12-26 00:00:00', 2, '2017-05-10', '2017-05-10', NULL, NULL),
(687, 64, 50, 64, '397/03', '2003-08-01 00:00:00', '2006-07-31 00:00:00', 2, '2017-05-10', '2017-05-10', NULL, NULL),
(688, 64, 50, 64, '552/00', '2000-08-01 00:00:00', '2003-07-31 00:00:00', 2, '2017-05-10', '2017-05-10', NULL, NULL),
(689, 70, 50, 64, '446/06', '2006-08-01 00:00:00', '2009-07-31 00:00:00', 2, '2017-05-10', '2017-05-10', NULL, NULL),
(690, 70, 50, 64, '655/83', '1983-09-21 00:00:00', '1988-09-20 00:00:00', 2, '2017-05-10', '2017-05-10', NULL, NULL),
(691, 76, 50, 200, '038/89', '1989-03-04 00:00:00', NULL, 1, '2017-05-10', '2017-05-10', NULL, NULL),
(692, 76, 50, 200, '038/89', '1989-02-22 00:00:00', NULL, 1, '2017-05-10', '2017-05-10', NULL, NULL),
(693, 76, 50, 218, '448/83', '1983-09-11 00:00:00', '1989-03-04 00:00:00', 1, '2017-05-10', '2017-05-10', NULL, NULL),
(694, 77, 50, 1, '507/88', '1988-10-20 00:00:00', '1993-10-19 00:00:00', 2, '2017-05-10', '2017-05-10', NULL, NULL),
(695, 77, 50, 1, '598/93', '1993-10-19 00:00:00', '1994-03-25 00:00:00', 2, '2017-05-10', '2017-05-10', NULL, NULL),
(696, 100, 50, 63, '676/01', '2001-12-27 00:00:00', '2006-07-31 00:00:00', 2, '2017-05-10', '2017-05-10', NULL, NULL),
(697, 102, 50, 42, '079/84', '1984-02-22 00:00:00', NULL, 2, '2017-05-10', '2017-05-10', NULL, NULL),
(698, 102, 50, 99, '130/89', '1989-04-28 00:00:00', NULL, 2, '2017-05-10', '2017-05-10', NULL, NULL),
(699, 116, 50, 211, '130/78', '1978-03-21 00:00:00', NULL, 1, '2017-05-10', '2017-05-10', NULL, NULL),
(700, 7, 51, 227, '468/03', '2003-09-07 00:00:00', '2004-03-12 00:00:00', 1, '2017-05-10', '2017-05-10', NULL, NULL),
(701, 26, 51, 134, '070/90', '1990-03-07 00:00:00', NULL, 2, '2017-05-10', '2017-05-10', NULL, NULL),
(702, 38, 51, 81, '551/00', '2000-08-01 00:00:00', '2003-07-31 00:00:00', 2, '2017-05-10', '2017-05-10', NULL, NULL),
(703, 41, 51, 49, '409/90', '1990-07-25 00:00:00', '1993-07-24 00:00:00', 2, '2017-05-10', '2017-05-10', NULL, NULL),
(704, 41, 51, 162, '181/90', '1990-05-14 00:00:00', '1990-06-12 00:00:00', 2, '2017-05-10', '2017-05-10', NULL, NULL),
(705, 64, 51, 64, '552/00', '2000-08-01 00:00:00', '2003-07-31 00:00:00', 2, '2017-05-10', '2017-05-10', NULL, NULL),
(706, 76, 51, 172, '095/04', '2004-03-12 00:00:00', '2010-03-11 00:00:00', 1, '2017-05-10', '2017-05-10', NULL, NULL),
(707, 76, 51, 227, '401/97', '1997-09-07 00:00:00', '2003-09-06 00:00:00', 1, '2017-05-10', '2017-05-10', NULL, NULL),
(708, 124, 51, 177, '126/90', '1990-04-04 00:00:00', '1997-09-06 00:00:00', 1, '2017-05-10', '2017-05-10', NULL, NULL),
(709, 124, 51, 181, '496/89', '1989-10-09 00:00:00', '1990-04-03 00:00:00', 1, '2017-05-10', '2017-05-10', NULL, NULL),
(710, 124, 51, 190, '204/10', '2010-03-12 00:00:00', NULL, 1, '2017-05-10', '2017-05-10', NULL, NULL),
(711, 2, 52, 24, '466/08', '2008-09-04 00:00:00', '2008-08-12 00:00:00', 1, '2017-05-10', '2017-05-10', NULL, NULL),
(712, 38, 52, 77, '445/06', '2006-08-01 00:00:00', '2009-07-31 00:00:00', 2, '2017-05-10', '2017-05-10', NULL, NULL),
(713, 56, 52, 64, '', '2009-08-01 00:00:00', '2012-07-31 00:00:00', 2, '2017-05-10', '2017-05-10', NULL, NULL),
(714, 57, 52, 33, '621/10', '2010-10-28 00:00:00', '2015-10-28 00:00:00', 2, '2017-05-10', '2017-05-10', NULL, NULL),
(715, 64, 52, 33, '254/07', '2007-04-04 00:00:00', '2010-10-30 00:00:00', 2, '2017-05-10', '2017-05-10', NULL, NULL),
(716, 64, 52, 62, '736/04', '2004-12-27 00:00:00', '2007-12-26 00:00:00', 2, '2017-05-10', '2017-05-10', NULL, NULL),
(717, 66, 52, 64, '083/94', '1994-12-20 00:00:00', '1999-12-12 00:00:00', 2, '2017-05-10', '2017-05-10', NULL, NULL),
(718, 66, 52, 64, '446/06', '2006-08-01 00:00:00', '2009-07-31 00:00:00', 2, '2017-05-10', '2017-05-10', NULL, NULL),
(719, 71, 52, 33, '084/94', '1994-12-20 00:00:00', '1999-12-19 00:00:00', 2, '2017-05-10', '2017-05-10', NULL, NULL),
(720, 76, 52, 222, '181/72', '1972-09-08 00:00:00', NULL, 1, '2017-05-10', '2017-05-10', NULL, NULL),
(721, 117, 52, 165, '081/94', '1994-12-20 00:00:00', '1997-12-19 00:00:00', 2, '2017-05-10', '2017-05-10', NULL, NULL),
(722, 2, 53, 25, '704/10', '2011-02-01 00:00:00', '2011-02-22 00:00:00', 1, '2017-05-10', '2017-05-10', '10-12-17 Monteros Darío E a cargo arquidioc 704.doc', '6fa7825b-4a3c-4b03-ae1e-b5ad8b5535fe'),
(723, 11, 53, 253, '413/10', '2010-05-20 00:00:00', '2012-05-20 00:00:00', 2, '2017-05-10', '2017-05-10', NULL, NULL),
(724, 17, 53, 25, '532/06', '2006-09-04 00:00:00', NULL, 1, '2017-05-10', '2017-05-10', NULL, NULL),
(725, 51, 53, 92, '450/10', '2010-06-04 00:00:00', '2013-06-03 00:00:00', 2, '2017-05-10', '2017-05-10', NULL, NULL),
(726, 51, 53, 245, '531/06', '2006-09-04 00:00:00', '2007-06-30 00:00:00', 2, '2017-05-10', '2017-05-10', NULL, NULL),
(727, 76, 53, 182, '482/07', '2007-08-05 00:00:00', '2013-08-04 00:00:00', 1, '2017-05-10', '2017-05-10', NULL, NULL),
(728, 111, 53, 25, '015/01', '2001-02-15 00:00:00', '2004-07-26 00:00:00', 2, '2017-05-10', '2017-05-10', NULL, NULL),
(729, 124, 53, 228, '603/03', '2003-12-05 00:00:00', '2004-01-11 00:00:00', 1, '2017-05-10', '2017-05-10', NULL, NULL),
(730, 124, 53, 228, '648/98', '1998-12-14 00:00:00', '2004-07-26 00:00:00', 1, '2017-05-10', '2017-05-10', NULL, NULL),
(731, 11, 54, 115, '215/08', '2006-04-30 00:00:00', '2009-05-29 00:00:00', 2, '2017-05-10', '2017-05-10', NULL, NULL),
(732, 11, 54, 115, '345/09', '2009-05-29 00:00:00', '2012-05-29 00:00:00', 2, '2017-05-10', '2017-05-10', NULL, NULL),
(733, 11, 54, 152, '116/01', '2001-03-08 00:00:00', '2002-03-09 00:00:00', 2, '2017-05-10', '2017-05-10', NULL, NULL),
(734, 16, 54, 245, '196/92', '1992-06-15 00:00:00', NULL, 2, '2017-05-10', '2017-05-10', NULL, NULL),
(735, 51, 54, 245, '660/91', '1991-12-13 00:00:00', NULL, 2, '2017-05-10', '2017-05-10', NULL, NULL),
(736, 76, 54, 213, '226/11', '2011-04-10 00:00:00', '2017-04-10 00:00:00', 1, '2017-05-10', '2017-05-10', NULL, NULL),
(737, 95, 54, 253, '543/08', '2008-11-18 00:00:00', '2009-06-30 00:00:00', 2, '2017-05-10', '2017-05-10', NULL, NULL),
(738, 95, 54, 253, '443/09', '2009-06-30 00:00:00', '2010-05-20 00:00:00', 2, '2017-05-10', '2017-05-10', NULL, NULL),
(739, 95, 54, 253, '412/10', '2010-05-20 00:00:00', '2012-06-30 00:00:00', 2, '2017-05-10', '2017-05-10', NULL, NULL),
(740, 124, 54, 213, '559/97', '1997-11-08 00:00:00', '2011-04-10 00:00:00', 1, '2017-05-10', '2017-05-10', NULL, NULL),
(741, 8, 55, 205, '11/131', '2011-12-10 00:00:00', NULL, 1, '2017-05-10', '2017-05-10', NULL, NULL),
(742, 35, 55, 205, '169/06', '2006-04-01 00:00:00', '2006-12-06 00:00:00', 2, '2017-05-10', '2017-05-10', NULL, NULL),
(743, 45, 55, 163, '134/09', '2009-02-26 00:00:00', '2012-02-26 00:00:00', 1, '2017-05-10', '2017-05-10', NULL, NULL),
(744, 124, 55, 205, '706/06', '2006-12-06 00:00:00', NULL, 1, '2017-05-10', '2017-05-10', NULL, NULL),
(745, 124, 55, 220, '108/09', '2009-03-01 00:00:00', '2010-03-01 00:00:00', 1, '2017-05-10', '2017-05-10', NULL, NULL),
(746, 124, 55, 228, '154/10', '2010-03-01 00:00:00', NULL, 1, '2017-05-10', '2017-05-10', NULL, NULL),
(747, 26, 56, 144, '642/08', '2008-12-30 00:00:00', '2011-08-26 00:00:00', 2, '2017-05-10', '2017-05-10', NULL, NULL),
(748, 35, 56, 192, '743/04', '2004-12-27 00:00:00', '2005-12-09 00:00:00', 2, '2017-05-10', '2017-05-10', NULL, NULL),
(749, 35, 56, 228, '150/04', '2004-03-19 00:00:00', '2004-12-27 00:00:00', 2, '2017-05-10', '2017-05-10', NULL, NULL),
(750, 124, 56, 192, '701/05', '2005-12-09 00:00:00', NULL, 1, '2017-05-10', '2017-05-10', NULL, NULL),
(751, 124, 56, 212, '731/10', '2011-03-01 00:00:00', NULL, 1, '2017-05-10', '2017-05-10', NULL, NULL),
(752, 124, 56, 229, '729/07', '2008-03-02 00:00:00', '2011-03-01 00:00:00', 1, '2017-05-10', '2017-05-10', NULL, NULL),
(753, 127, 56, 54, '264/08', '2008-05-05 00:00:00', '2009-05-05 00:00:00', 2, '2017-05-10', '2017-05-10', NULL, NULL),
(754, 7, 57, 170, '508/11', '2011-09-11 00:00:00', NULL, 1, '2017-05-10', '2017-05-10', NULL, NULL),
(755, 11, 57, 7, '530/02', '2002-10-12 00:00:00', '2006-07-02 00:00:00', 2, '2017-05-10', '2017-05-10', NULL, NULL),
(756, 38, 57, 81, '445/06', '2006-08-01 00:00:00', '2009-07-31 00:00:00', 2, '2017-05-10', '2017-05-10', NULL, NULL),
(757, 38, 57, 81, '467/09', '2009-08-01 00:00:00', '2012-08-01 00:00:00', 2, '2017-05-10', '2017-05-10', NULL, NULL),
(758, 56, 57, 64, '11/106', '2011-11-22 00:00:00', '2012-03-31 00:00:00', 2, '2017-05-10', '2017-05-10', NULL, NULL),
(759, 56, 57, 65, '468/09', '2009-08-01 00:00:00', '2012-07-31 00:00:00', 2, '2017-05-10', '2017-05-10', NULL, NULL),
(760, 58, 57, 31, '516/10', '2010-08-11 00:00:00', '2013-08-11 00:00:00', 2, '2017-05-10', '2017-05-10', NULL, NULL),
(761, 70, 57, 64, '446/06', '2006-08-01 00:00:00', '2009-07-31 00:00:00', 2, '2017-05-10', '2017-05-10', NULL, NULL),
(762, 76, 57, 170, '523/05', '2005-09-11 00:00:00', '2011-09-10 00:00:00', 1, '2017-05-10', '2017-05-10', NULL, NULL),
(763, 76, 57, 170, '523/05', '2005-09-11 00:00:00', '2011-09-10 00:00:00', 1, '2017-05-10', '2017-05-10', NULL, NULL),
(764, 114, 57, 92, '450/10', '2010-06-04 00:00:00', '2013-06-03 00:00:00', 2, '2017-05-10', '2017-05-10', NULL, NULL),
(765, 124, 57, 220, '237/00', '2000-03-26 00:00:00', '2001-03-01 00:00:00', 1, '2017-05-10', '2017-05-10', NULL, NULL),
(766, 124, 57, 228, '742/00', '2001-03-01 00:00:00', '2003-03-01 00:00:00', 1, '2017-05-10', '2017-05-10', NULL, NULL),
(767, 124, 57, 229, '633/02', '2003-03-01 00:00:00', '2005-09-11 00:00:00', 1, '2017-05-10', '2017-05-10', NULL, NULL),
(768, 130, 57, 46, '439/04', '2004-07-01 00:00:00', '2007-06-30 00:00:00', 2, '2017-05-10', '2017-05-10', NULL, NULL),
(769, 4, 58, 230, '248/07', '2007-04-09 00:00:00', NULL, 1, '2017-05-10', '2017-05-10', NULL, NULL),
(770, 9, 58, 170, '178/01', '2001-04-09 00:00:00', '2001-12-28 00:00:00', 1, '2017-05-10', '2017-05-10', NULL, NULL),
(771, 11, 58, 53, '491/08', '2008-09-23 00:00:00', '2011-09-23 00:00:00', 2, '2017-05-10', '2017-05-10', NULL, NULL),
(772, 11, 58, 7, '530/02', '2002-10-12 00:00:00', '2005-10-30 00:00:00', 2, '2017-05-10', '2017-05-10', NULL, NULL),
(773, 76, 58, 170, '219/10', '2010-03-20 00:00:00', '2016-03-19 00:00:00', 1, '2017-05-10', '2017-05-10', NULL, NULL),
(774, 124, 58, 170, '683/01', '2001-12-28 00:00:00', '2003-11-10 00:00:00', 1, '2017-05-10', '2017-05-10', NULL, NULL),
(775, 124, 58, 174, '082/07', '2007-03-01 00:00:00', '2008-09-20 00:00:00', 1, '2017-05-10', '2017-05-10', NULL, NULL),
(776, 124, 58, 179, '493/08', '2008-09-25 00:00:00', '2010-03-19 00:00:00', 1, '2017-05-10', '2017-05-10', NULL, NULL),
(777, 7, 59, 170, '554/03', '2003-11-23 00:00:00', '2004-03-06 00:00:00', 1, '2017-05-10', '2017-05-10', NULL, NULL),
(778, 27, 59, 248, '218/96', '1996-05-02 00:00:00', NULL, 2, '2017-05-10', '2017-05-10', NULL, NULL),
(779, 38, 59, 77, '551/00', '2000-08-01 00:00:00', '2003-07-31 00:00:00', 2, '2017-05-10', '2017-05-10', NULL, NULL),
(780, 38, 59, 78, '445/06', '2006-08-01 00:00:00', '2009-07-31 00:00:00', 2, '2017-05-10', '2017-05-10', NULL, NULL),
(781, 64, 59, 64, '446/06', '2006-08-01 00:00:00', '2009-07-31 00:00:00', 2, '2017-05-10', '2017-05-10', NULL, NULL),
(782, 64, 59, 64, '552/00', '2000-08-01 00:00:00', '2003-07-31 00:00:00', 2, '2017-05-10', '2017-05-10', NULL, NULL),
(783, 76, 59, 170, '542/97', '1997-11-23 00:00:00', '2003-11-22 00:00:00', 1, '2017-05-10', '2017-05-10', NULL, NULL),
(784, 76, 59, 212, '183/10', '2010-03-06 00:00:00', '2016-03-05 00:00:00', 1, '2017-05-10', '2017-05-10', NULL, NULL),
(785, 76, 59, 212, '094/04', '2004-03-06 00:00:00', '2010-03-05 00:00:00', 1, '2017-05-10', '2017-05-10', NULL, NULL),
(786, 102, 59, 140, '082/04', '2004-03-06 00:00:00', '2010-03-05 00:00:00', 2, '2017-05-10', '2017-05-10', NULL, NULL),
(787, 102, 59, 140, '194/10', '2010-03-04 00:00:00', '2011-12-30 00:00:00', 2, '2017-05-10', '2017-05-10', NULL, NULL),
(788, 124, 59, 170, '011/96', '1996-02-10 00:00:00', '1997-11-22 00:00:00', 1, '2017-05-10', '2017-05-10', NULL, NULL),
(789, 124, 59, 181, '078/93', '1993-03-29 00:00:00', '1996-02-09 00:00:00', 1, '2017-05-10', '2017-05-10', NULL, NULL),
(790, 127, 59, 52, '029/95', '1995-03-02 00:00:00', '1998-03-01 00:00:00', 2, '2017-05-10', '2017-05-10', NULL, NULL),
(791, 130, 59, 46, '203/01', '2001-04-18 00:00:00', '2004-03-31 00:00:00', 2, '2017-05-10', '2017-05-10', NULL, NULL),
(792, 130, 59, 46, '439/04', '2004-07-01 00:00:00', '2007-06-30 00:00:00', 2, '2017-05-10', '2017-05-10', NULL, NULL),
(793, 35, 60, 188, '151/05', '2005-03-19 00:00:00', '2005-12-27 00:00:00', 2, '2017-05-10', '2017-05-10', NULL, NULL),
(794, 49, 60, 193, '157/07', '2007-03-01 00:00:00', NULL, 2, '2017-05-10', '2017-05-10', NULL, NULL),
(795, 51, 60, 244, '009/10', '2010-02-01 00:00:00', NULL, 2, '2017-05-10', '2017-05-10', NULL, NULL),
(796, 60, 60, 253, '327/11', '2011-05-23 00:00:00', '2012-06-30 00:00:00', 2, '2017-05-10', '2017-05-10', NULL, NULL),
(797, 61, 60, 253, '180/10', '2010-03-03 00:00:00', '2011-05-23 00:00:00', 2, '2017-05-10', '2017-05-10', NULL, NULL),
(798, 124, 60, 188, '742/05', '2005-12-27 00:00:00', '2007-03-01 00:00:00', 1, '2017-05-10', '2017-05-10', NULL, NULL),
(799, 4, 61, 179, '517/10', '2010-08-18 00:00:00', '2010-10-18 00:00:00', 1, '2017-05-10', '2017-05-10', NULL, NULL),
(800, 47, 61, 247, '077/07', '2007-03-01 00:00:00', NULL, 2, '2017-05-10', '2017-05-10', NULL, NULL),
(801, 109, 61, 25, '086/07', '2007-02-16 00:00:00', '2008-02-16 00:00:00', 2, '2017-05-10', '2017-05-10', NULL, NULL),
(802, 124, 61, 179, '221/10', '2010-03-15 00:00:00', '2011-03-01 00:00:00', 1, '2017-05-10', '2017-05-10', NULL, NULL),
(803, 124, 61, 220, '732/10', '2011-03-01 00:00:00', NULL, 1, '2017-05-10', '2017-05-10', NULL, NULL),
(804, 7, 62, 227, '11/162', '2011-12-22 00:00:00', NULL, 1, '2017-05-10', '2017-05-10', NULL, NULL),
(805, 35, 62, 170, '170/06', '2006-04-01 00:00:00', '2006-12-06 00:00:00', 2, '2017-05-10', '2017-05-10', NULL, NULL),
(806, 52, 62, 109, '241/11', '2011-04-14 00:00:00', '2011-07-14 00:00:00', 2, '2017-05-10', '2017-05-10', NULL, NULL),
(807, 124, 62, 170, '705/06', '2006-12-06 00:00:00', NULL, 1, '2017-05-10', '2017-05-10', NULL, NULL),
(808, 124, 62, 192, '012/10', '2010-03-01 00:00:00', '2011-03-01 00:00:00', 1, '2017-05-10', '2017-05-10', NULL, NULL),
(809, 124, 62, 227, '733/10', '2011-03-01 00:00:00', '2011-12-22 00:00:00', 1, '2017-05-10', '2017-05-10', NULL, NULL),
(810, 7, 63, 218, '786/85', '1986-01-01 00:00:00', NULL, 1, '2017-05-10', '2017-05-10', NULL, NULL),
(811, 11, 63, 21, '101/88', '1988-03-24 00:00:00', '1990-11-24 00:00:00', 2, '2017-05-10', '2017-05-10', NULL, NULL),
(812, 22, 63, 124, '072/93', '1993-03-29 00:00:00', NULL, 2, '2017-05-10', '2017-05-10', NULL, NULL),
(813, 27, 63, 248, '054/89', '1989-03-03 00:00:00', NULL, 2, '2017-05-10', '2017-05-10', NULL, NULL),
(814, 62, 63, 254, '037/10', '2010-03-30 00:00:00', '2011-02-04 00:00:00', 2, '2017-05-10', '2017-05-10', NULL, NULL),
(815, 124, 63, 171, '312/88', '1988-07-04 00:00:00', NULL, 1, '2017-05-10', '2017-05-10', NULL, NULL),
(816, 124, 63, 174, '589/84', '1984-08-27 00:00:00', NULL, 1, '2017-05-10', '2017-05-10', NULL, NULL),
(817, 124, 63, 181, '555/92', '1993-02-01 00:00:00', '1993-03-01 00:00:00', 1, '2017-05-10', '2017-05-10', NULL, NULL),
(818, 124, 63, 181, '622/87', '1987-09-20 00:00:00', NULL, 1, '2017-05-10', '2017-05-10', NULL, NULL),
(819, 124, 63, 183, '161/85', '1985-04-14 00:00:00', NULL, 1, '2017-05-10', '2017-05-10', NULL, NULL),
(820, 124, 63, 188, '740/85', '1986-03-03 00:00:00', NULL, 1, '2017-05-10', '2017-05-10', NULL, NULL),
(821, 124, 63, 196, '154/93', '1993-04-21 00:00:00', NULL, 1, '2017-05-10', '2017-05-10', NULL, NULL),
(822, 124, 63, 196, '154/93', '1993-04-21 00:00:00', NULL, 1, '2017-05-10', '2017-05-10', NULL, NULL),
(823, 11, 64, 14, '436/90', '1990-08-17 00:00:00', '1993-10-12 00:00:00', 2, '2017-05-10', '2017-05-10', NULL, NULL),
(824, 11, 64, 14, '673/87', '1987-10-13 00:00:00', NULL, 2, '2017-05-10', '2017-05-10', NULL, NULL),
(825, 18, 64, 28, '757/80', '1981-03-01 00:00:00', NULL, 2, '2017-05-10', '2017-05-10', NULL, NULL),
(826, 28, 64, 129, '251/86', '1986-05-16 00:00:00', '2002-07-01 00:00:00', 2, '2017-05-10', '2017-05-10', NULL, NULL),
(827, 64, 64, 56, '219/84', '1984-04-18 00:00:00', '1984-07-17 00:00:00', 2, '2017-05-10', '2017-05-10', NULL, NULL),
(828, 64, 64, 64, '655/83', '1983-09-21 00:00:00', '1988-09-20 00:00:00', 2, '2017-05-10', '2017-05-10', NULL, NULL),
(829, 76, 64, 223, '151/78', '1978-03-31 00:00:00', NULL, 1, '2017-05-10', '2017-05-10', NULL, NULL),
(830, 76, 64, 231, '109/85', '1985-04-13 00:00:00', '2011-04-10 00:00:00', 1, '2017-05-10', '2017-05-10', NULL, NULL),
(831, 78, 64, 231, '225/11', '2011-04-10 00:00:00', NULL, 1, '2017-05-10', '2017-05-10', NULL, NULL),
(832, 79, 64, 55, '100/88', '1988-03-23 00:00:00', '1991-03-22 00:00:00', 2, '2017-05-10', '2017-05-10', NULL, NULL),
(833, 11, 65, 18, '675/87', '1987-10-13 00:00:00', NULL, 2, '2017-05-10', '2017-05-10', NULL, NULL),
(834, 11, 65, 149, '536/02', '2002-10-15 00:00:00', '2005-10-14 00:00:00', 2, '2017-05-10', '2017-05-10', NULL, NULL),
(835, 22, 65, 58, '076/87', '1987-02-15 00:00:00', NULL, 2, '2017-05-10', '2017-05-10', NULL, NULL),
(836, 22, 65, 116, '089/92', '1992-04-15 00:00:00', NULL, 2, '2017-05-10', '2017-05-10', NULL, NULL),
(837, 22, 65, 121, '710/86', '1986-11-10 00:00:00', NULL, 2, '2017-05-10', '2017-05-10', NULL, NULL),
(838, 23, 65, 110, '506/03', '2003-10-23 00:00:00', NULL, 2, '2017-05-10', '2017-05-10', NULL, NULL),
(839, 26, 65, 38, '073/93', '1993-03-29 00:00:00', NULL, 2, '2017-05-10', '2017-05-10', NULL, NULL),
(840, 47, 65, 244, '660/91', '1991-12-13 00:00:00', NULL, 2, '2017-05-10', '2017-05-10', NULL, NULL),
(841, 56, 65, 64, '', '2009-08-01 00:00:00', '2012-07-31 00:00:00', 2, '2017-05-10', '2017-05-10', NULL, NULL),
(842, 57, 65, 33, '621/10', '2010-10-28 00:00:00', '2015-10-28 00:00:00', 2, '2017-05-10', '2017-05-10', NULL, NULL),
(843, 59, 65, 22, '641/09', '2009-11-23 00:00:00', '2009-11-23 00:00:00', 2, '2017-05-10', '2017-05-10', NULL, NULL),
(844, 60, 65, 253, '751/86', '1986-12-04 00:00:00', '1989-12-03 00:00:00', 2, '2017-05-10', '2017-05-10', NULL, NULL),
(845, 62, 65, 255, '036/10', '2010-02-15 00:00:00', '2010-05-15 00:00:00', 2, '2017-05-10', '2017-05-10', NULL, NULL),
(846, 64, 65, 33, '617/03', '2003-12-16 00:00:00', '2005-10-29 00:00:00', 2, '2017-05-10', '2017-05-10', NULL, NULL),
(847, 64, 65, 33, '627/05', '2005-10-31 00:00:00', '2010-10-30 00:00:00', 2, '2017-05-10', '2017-05-10', NULL, NULL),
(848, 64, 65, 64, '397/03', '2003-08-01 00:00:00', '2006-07-31 00:00:00', 2, '2017-05-10', '2017-05-10', NULL, NULL),
(849, 64, 65, 64, '446/06', '2006-08-01 00:00:00', '2009-07-31 00:00:00', 2, '2017-05-10', '2017-05-10', NULL, NULL),
(850, 64, 65, 251, '527/01', '2001-09-28 00:00:00', NULL, 2, '2017-05-10', '2017-05-10', NULL, NULL),
(851, 64, 65, 252, '591/04', '2004-10-13 00:00:00', NULL, 2, '2017-05-10', '2017-05-10', NULL, NULL),
(852, 64, 65, 252, '564/04', '2004-09-17 00:00:00', NULL, 2, '2017-05-10', '2017-05-10', NULL, NULL),
(853, 102, 65, 135, '087/87', '1987-02-26 00:00:00', NULL, 2, '2017-05-10', '2017-05-10', NULL, NULL),
(854, 102, 65, 141, '086/87', '1987-02-26 00:00:00', NULL, 2, '2017-05-10', '2017-05-10', NULL, NULL),
(855, 108, 65, 244, '189/92', '1992-06-15 00:00:00', NULL, 2, '2017-05-10', '2017-05-10', NULL, NULL),
(856, 113, 65, 244, '588/07', '2007-09-13 00:00:00', '2007-09-20 00:00:00', 2, '2017-05-10', '2017-05-10', NULL, NULL),
(857, 121, 65, 253, '352/03', '2003-07-01 00:00:00', '2006-06-30 00:00:00', 2, '2017-05-10', '2017-05-10', NULL, NULL),
(858, 121, 65, 253, '389/06', '2006-07-01 00:00:00', '2009-06-30 00:00:00', 2, '2017-05-10', '2017-05-10', NULL, NULL),
(859, 121, 65, 253, '443/09', '2009-06-30 00:00:00', '2012-06-30 00:00:00', 2, '2017-05-10', '2017-05-10', NULL, NULL),
(860, 122, 65, 253, '465/91', '1991-08-02 00:00:00', '1994-08-01 00:00:00', 2, '2017-05-10', '2017-05-10', NULL, NULL),
(861, 122, 65, 253, '387/92', '1992-08-27 00:00:00', '1995-08-26 00:00:00', 2, '2017-05-10', '2017-05-10', NULL, NULL),
(862, 122, 65, 253, '603/95', '1995-08-26 00:00:00', '1996-12-31 00:00:00', 2, '2017-05-10', '2017-05-10', NULL, NULL),
(863, 124, 65, 174, '001/87', '1987-02-15 00:00:00', NULL, 1, '2017-05-10', '2017-05-10', NULL, NULL),
(864, 124, 65, 192, '006/85', '1985-02-01 00:00:00', NULL, 1, '2017-05-10', '2017-05-10', NULL, NULL),
(865, 124, 65, 194, '770/86', '1986-03-03 00:00:00', NULL, 1, '2017-05-10', '2017-05-10', NULL, NULL),
(866, 124, 65, 228, '035/89', '1989-03-26 00:00:00', NULL, 1, '2017-05-10', '2017-05-10', NULL, NULL),
(867, 124, 65, 1, '', '2003-07-01 00:00:00', NULL, 1, '2017-05-10', '2017-05-10', NULL, NULL),
(868, 35, 66, 207, '152/04', '2004-03-19 00:00:00', '2005-02-01 00:00:00', 1, '2017-05-10', '2017-05-10', NULL, NULL),
(869, 124, 66, 174, '734/04', '2005-02-01 00:00:00', '2007-03-01 00:00:00', 1, '2017-05-10', '2017-05-10', NULL, NULL),
(870, 124, 66, 188, '083/07', '2007-03-01 00:00:00', '2010-02-28 00:00:00', 1, '2017-05-10', '2017-05-10', NULL, NULL),
(871, 124, 66, 214, '041/10', '2010-03-01 00:00:00', NULL, 1, '2017-05-10', '2017-05-10', NULL, NULL),
(872, 13, 67, 152, '136/11', '2011-03-02 00:00:00', NULL, 2, '2017-05-10', '2017-05-10', NULL, NULL),
(873, 35, 67, 214, '152/05', '2005-03-19 00:00:00', '2006-04-22 00:00:00', 1, '2017-05-10', '2017-05-10', NULL, NULL),
(874, 124, 67, 188, '011/10', '2010-03-01 00:00:00', NULL, 1, '2017-05-10', '2017-05-10', NULL, NULL),
(875, 124, 67, 214, '159/06', '2006-04-22 00:00:00', NULL, 1, '2017-05-10', '2017-05-10', NULL, NULL),
(876, 46, 68, 244, '731/85', '1985-12-10 00:00:00', '2000-02-14 00:00:00', 2, '2017-05-10', '2017-05-10', NULL, NULL),
(877, 60, 68, 253, '368/78', '1978-07-21 00:00:00', NULL, 2, '2017-05-10', '2017-05-10', NULL, NULL),
(878, 79, 68, 250, '608/88', '1988-12-27 00:00:00', '1991-12-26 00:00:00', 2, '2017-05-10', '2017-05-10', NULL, NULL),
(879, 82, 68, 244, '159/80', '1980-03-07 00:00:00', NULL, 2, '2017-05-10', '2017-05-10', NULL, NULL),
(880, 83, 68, 244, '062/81', '1981-05-13 00:00:00', NULL, 2, '2017-05-10', '2017-05-10', NULL, NULL),
(881, 85, 68, 244, '150/78', '1978-03-28 00:00:00', NULL, 2, '2017-05-10', '2017-05-10', NULL, NULL),
(882, 88, 68, 244, '062/81', '1981-05-13 00:00:00', NULL, 2, '2017-05-10', '2017-05-10', NULL, NULL),
(883, 89, 68, 244, '159/80', '1980-03-07 00:00:00', NULL, 2, '2017-05-10', '2017-05-10', NULL, NULL),
(884, 91, 68, 244, '159/80', '1980-03-07 00:00:00', NULL, 2, '2017-05-10', '2017-05-10', NULL, NULL),
(885, 92, 68, 244, '062/81', '1981-05-13 00:00:00', NULL, 2, '2017-05-10', '2017-05-10', NULL, NULL),
(886, 92, 68, 244, '159/80', '1980-03-07 00:00:00', NULL, 2, '2017-05-10', '2017-05-10', NULL, NULL),
(887, 92, 68, 244, '096/79', '1979-03-07 00:00:00', NULL, 2, '2017-05-10', '2017-05-10', NULL, NULL),
(888, 42, 69, 211, '242/10', '2010-03-20 00:00:00', '2010-11-19 00:00:00', 1, '2017-05-10', '2017-05-10', NULL, NULL),
(889, 124, 69, 229, '736/10', '2011-03-01 00:00:00', NULL, 1, '2017-05-10', '2017-05-10', NULL, NULL),
(890, 4, 70, 208, '234/01', '2001-05-09 00:00:00', NULL, 1, '2017-05-10', '2017-05-10', NULL, NULL),
(891, 7, 70, 214, '137/06', '2006-03-20 00:00:00', '2006-04-22 00:00:00', 1, '2017-05-10', '2017-05-10', NULL, NULL),
(892, 7, 70, 214, '655/98', '1998-12-12 00:00:00', '2000-03-20 00:00:00', 1, '2017-05-10', '2017-05-10', NULL, NULL),
(893, 38, 70, 78, '551/00', '2000-08-01 00:00:00', '2003-07-31 00:00:00', 2, '2017-05-10', '2017-05-10', NULL, NULL),
(894, 64, 70, 64, '552/00', '2000-08-01 00:00:00', '2003-07-31 00:00:00', 2, '2017-05-10', '2017-05-10', NULL, NULL),
(895, 76, 70, 214, '261/00', '2000-03-20 00:00:00', '2006-03-19 00:00:00', 1, '2017-05-10', '2017-05-10', NULL, NULL),
(896, 76, 70, 224, '157/06', '2006-04-22 00:00:00', '2012-04-21 00:00:00', 1, '2017-05-10', '2017-05-10', NULL, NULL);
INSERT INTO `funcion_sacerdote_institucion` (`id`, `funcion_id`, `sacerdote_id`, `institucion_id`, `protocolo`, `falta`, `fbaja`, `orden`, `created`, `modified`, `file_name`, `file_dir`) VALUES
(897, 102, 70, 90, '338/06', '2006-06-07 00:00:00', '2007-06-30 00:00:00', 2, '2017-05-10', '2017-05-10', NULL, NULL),
(898, 102, 70, 101, '274/09', '2009-05-06 00:00:00', '2011-05-31 00:00:00', 2, '2017-05-10', '2017-05-10', NULL, NULL),
(899, 102, 70, 101, '383/11', '2011-06-01 00:00:00', '2012-04-21 00:00:00', 2, '2017-05-10', '2017-05-10', NULL, NULL),
(900, 124, 70, 203, '057/98', '1998-03-06 00:00:00', '1998-12-11 00:00:00', 1, '2017-05-10', '2017-05-10', NULL, NULL),
(901, 127, 70, 87, '566/00', '2000-08-08 00:00:00', '2002-12-11 00:00:00', 2, '2017-05-10', '2017-05-10', NULL, NULL),
(902, 11, 71, 26, '758/80', '1980-12-23 00:00:00', NULL, 2, '2017-05-10', '2017-05-10', NULL, NULL),
(903, 11, 71, 149, '224/80', '1980-05-12 00:00:00', '1983-05-11 00:00:00', 2, '2017-05-10', '2017-05-10', NULL, NULL),
(904, 20, 71, 29, '522/78', '1978-10-21 00:00:00', NULL, 2, '2017-05-10', '2017-05-10', NULL, NULL),
(905, 29, 71, 28, '247/84', '1984-05-19 00:00:00', NULL, 2, '2017-05-10', '2017-05-10', NULL, NULL),
(906, 37, 71, 29, '7848/87', '1987-12-01 00:00:00', NULL, 2, '2017-05-10', '2017-05-10', NULL, NULL),
(907, 44, 71, 145, '226/65', '1965-03-30 00:00:00', NULL, 2, '2017-05-10', '2017-05-10', NULL, NULL),
(908, 64, 71, 34, '654/83', '1983-09-21 00:00:00', '1988-09-20 00:00:00', 2, '2017-05-10', '2017-05-10', NULL, NULL),
(909, 64, 71, 34, '503/88', '1988-10-19 00:00:00', '1993-10-18 00:00:00', 2, '2017-05-10', '2017-05-10', NULL, NULL),
(910, 64, 71, 34, '593/93', '1993-10-13 00:00:00', '1994-03-25 00:00:00', 2, '2017-05-10', '2017-05-10', NULL, NULL),
(911, 64, 71, 61, '099/88', '1988-03-23 00:00:00', '1988-12-28 00:00:00', 2, '2017-05-10', '2017-05-10', NULL, NULL),
(912, 64, 71, 64, '655/83', '1983-09-21 00:00:00', '1988-09-20 00:00:00', 2, '2017-05-10', '2017-05-10', NULL, NULL),
(913, 64, 71, 64, '500/88', '1988-10-14 00:00:00', '1993-10-13 00:00:00', 2, '2017-05-10', '2017-05-10', NULL, NULL),
(914, 64, 71, 64, '590/93', '1993-10-12 00:00:00', '1994-03-25 00:00:00', 2, '2017-05-10', '2017-05-10', NULL, NULL),
(915, 64, 71, 64, '180/77', '1977-05-13 00:00:00', NULL, 2, '2017-05-10', '2017-05-10', NULL, NULL),
(916, 74, 71, 72, '555/87', '1987-07-22 00:00:00', NULL, 2, '2017-05-10', '2017-05-10', NULL, NULL),
(917, 76, 71, 185, '424/93', '1993-09-04 00:00:00', NULL, 1, '2017-05-10', '2017-05-10', NULL, NULL),
(918, 78, 71, 185, '709/10', '2011-01-23 00:00:00', NULL, 1, '2017-05-10', '2017-05-10', NULL, NULL),
(919, 80, 71, 57, '185/93', '1993-05-27 00:00:00', NULL, 2, '2017-05-10', '2017-05-10', NULL, NULL),
(920, 80, 71, 57, '182/92', '1992-06-02 00:00:00', NULL, 2, '2017-05-10', '2017-05-10', NULL, NULL),
(921, 80, 71, 57, '173/91', '1991-05-20 00:00:00', NULL, 2, '2017-05-10', '2017-05-10', NULL, NULL),
(922, 80, 71, 57, '187/90', '1990-05-22 00:00:00', NULL, 2, '2017-05-10', '2017-05-10', NULL, NULL),
(923, 80, 71, 57, '137/89', '1989-05-03 00:00:00', NULL, 2, '2017-05-10', '2017-05-10', NULL, NULL),
(924, 93, 71, 245, '062/81', '1981-05-13 00:00:00', NULL, 2, '2017-05-10', '2017-05-10', NULL, NULL),
(925, 96, 71, 25, '001/83', '1983-04-13 00:00:00', '1983-10-31 00:00:00', 2, '2017-05-10', '2017-05-10', NULL, NULL),
(926, 102, 71, 94, '080/79', '1979-03-27 00:00:00', NULL, 2, '2017-05-10', '2017-05-10', NULL, NULL),
(927, 102, 71, 123, '068/90', '1990-03-09 00:00:00', NULL, 2, '2017-05-10', '2017-05-10', NULL, NULL),
(928, 110, 71, 25, '229/76', '1976-12-10 00:00:00', NULL, 2, '2017-05-10', '2017-05-10', NULL, NULL),
(929, 117, 71, 148, '158/80', '1980-04-21 00:00:00', NULL, 2, '2017-05-10', '2017-05-10', NULL, NULL),
(930, 119, 71, 25, '611/83', '1983-11-01 00:00:00', NULL, 2, '2017-05-10', '2017-05-10', NULL, NULL),
(931, 13, 72, 234, '277/01', '2001-05-29 00:00:00', '2004-05-28 00:00:00', 2, '2017-05-10', '2017-05-10', NULL, NULL),
(932, 13, 72, 234, '437/04', '2004-07-06 00:00:00', '2007-07-05 00:00:00', 2, '2017-05-10', '2017-05-10', NULL, NULL),
(933, 64, 72, 64, '709/00', '2000-11-16 00:00:00', '2003-07-31 00:00:00', 2, '2017-05-10', '2017-05-10', NULL, NULL),
(934, 76, 72, 186, '714/10', '2011-03-06 00:00:00', '2017-03-05 00:00:00', 1, '2017-05-10', '2017-05-10', NULL, NULL),
(935, 76, 72, 186, '102/05', '2005-03-06 00:00:00', '2011-03-05 00:00:00', 1, '2017-05-10', '2017-05-10', NULL, NULL),
(936, 76, 72, 196, '031/03', '2003-03-02 00:00:00', '2005-03-06 00:00:00', 1, '2017-05-10', '2017-05-10', NULL, NULL),
(937, 124, 72, 171, '164/99', '1999-03-05 00:00:00', '2001-03-01 00:00:00', 1, '2017-05-10', '2017-05-10', NULL, NULL),
(938, 124, 72, 220, '743/00', '2001-03-01 00:00:00', '2003-03-01 00:00:00', 1, '2017-05-10', '2017-05-10', NULL, NULL),
(939, 7, 73, 200, '525/85', '1985-08-06 00:00:00', NULL, 1, '2017-05-10', '2017-05-10', NULL, NULL),
(940, 9, 73, 203, '276/00', '2000-03-27 00:00:00', NULL, 2, '2017-05-10', '2017-05-10', NULL, NULL),
(941, 11, 73, 11, '119/82', '1982-04-23 00:00:00', NULL, 2, '2017-05-10', '2017-05-10', NULL, NULL),
(942, 47, 73, 92, '450/10', '2010-06-04 00:00:00', '2013-06-03 00:00:00', 2, '2017-05-10', '2017-05-10', NULL, NULL),
(943, 47, 73, 244, '275/00', '2000-03-27 00:00:00', NULL, 2, '2017-05-10', '2017-05-10', NULL, NULL),
(944, 64, 73, 35, '654/83', '1983-09-21 00:00:00', '1988-09-20 00:00:00', 2, '2017-05-10', '2017-05-10', NULL, NULL),
(945, 76, 73, 200, '120/86', '1986-03-25 00:00:00', '1988-12-31 00:00:00', 1, '2017-05-10', '2017-05-10', NULL, NULL),
(946, 76, 73, 201, '166/83', '1983-06-18 00:00:00', NULL, 1, '2017-05-10', '2017-05-10', NULL, NULL),
(947, 77, 73, 1, '507/88', '1988-10-20 00:00:00', '1993-10-19 00:00:00', 2, '2017-05-10', '2017-05-10', NULL, NULL),
(948, 102, 73, 99, '537/85', '1985-08-06 00:00:00', NULL, 2, '2017-05-10', '2017-05-10', NULL, NULL),
(949, 116, 73, 185, '035/77', '1977-03-03 00:00:00', NULL, 1, '2017-05-10', '2017-05-10', NULL, NULL),
(950, 124, 73, 181, '612/01', '2001-11-09 00:00:00', NULL, 1, '2017-05-10', '2017-05-10', NULL, NULL),
(951, 124, 73, 181, '612/01', '2001-11-09 00:00:00', NULL, 1, '2017-05-10', '2017-05-10', NULL, NULL),
(952, 9, 74, 228, '194/03', '2003-04-08 00:00:00', '2004-03-01 00:00:00', 1, '2017-05-10', '2017-05-10', NULL, NULL),
(953, 11, 74, 157, '021/06', '2006-02-02 00:00:00', NULL, 2, '2017-05-10', '2017-05-10', NULL, NULL),
(954, 76, 74, 194, '073/08', '2008-02-20 00:00:00', NULL, 2, '2017-05-10', '2017-05-10', NULL, NULL),
(955, 97, 74, 143, '', '2010-01-01 00:00:00', NULL, 2, '2017-05-10', '2017-05-10', NULL, NULL),
(956, 99, 74, 142, '579/09', '2009-09-22 00:00:00', NULL, 2, '2017-05-10', '2017-05-10', NULL, NULL),
(957, 124, 74, 173, '099/04', '2004-03-01 00:00:00', '2005-02-01 00:00:00', 1, '2017-05-10', '2017-05-10', NULL, NULL),
(958, 124, 74, 191, '731/04', '2005-02-01 00:00:00', '2006-01-02 00:00:00', 1, '2017-05-10', '2017-05-10', NULL, NULL),
(959, 124, 74, 229, '709/05', '2006-01-02 00:00:00', NULL, 1, '2017-05-10', '2017-05-10', NULL, NULL),
(960, 4, 75, 194, '624/02', '2002-12-29 00:00:00', '2003-02-08 00:00:00', 1, '2017-05-10', '2017-05-10', NULL, NULL),
(961, 7, 75, 220, '489/97', '1997-10-12 00:00:00', '1997-03-06 00:00:00', 1, '2017-05-10', '2017-05-10', NULL, NULL),
(962, 7, 75, 227, '187/10', '2010-03-13 00:00:00', NULL, 2, '2017-05-10', '2017-05-10', NULL, NULL),
(963, 9, 75, 188, '118/01', '2001-03-08 00:00:00', '2002-03-06 00:00:00', 1, '2017-05-10', '2017-05-10', NULL, NULL),
(964, 24, 75, 112, '209/00', '2000-03-06 00:00:00', NULL, 2, '2017-05-10', '2017-05-10', NULL, NULL),
(965, 52, 75, 235, '284/10', '2010-04-08 00:00:00', '2011-04-08 00:00:00', 2, '2017-05-10', '2017-05-10', NULL, NULL),
(966, 76, 75, 225, '503/08', '2008-10-10 00:00:00', '2008-11-16 00:00:00', 2, '2017-05-10', '2017-05-10', NULL, NULL),
(967, 76, 75, 227, '096/04', '2004-03-13 00:00:00', '2010-03-13 00:00:00', 1, '2017-05-10', '2017-05-10', NULL, NULL),
(968, 124, 75, 181, '235/11', '2011-05-01 00:00:00', NULL, 1, '2017-05-10', '2017-05-10', NULL, NULL),
(969, 124, 75, 185, '955/96', '1996-12-09 00:00:00', '1997-10-11 00:00:00', 1, '2017-05-10', '2017-05-10', NULL, NULL),
(970, 124, 75, 188, '686/01', '2002-03-06 00:00:00', '2004-03-13 00:00:00', 1, '2017-05-10', '2017-05-10', NULL, NULL),
(971, 124, 75, 220, '887/96', '1996-10-12 00:00:00', '1996-12-09 00:00:00', 1, '2017-05-10', '2017-05-10', NULL, NULL),
(972, 127, 75, 27, '130/97', '1997-05-06 00:00:00', NULL, 2, '2017-05-10', '2017-05-10', NULL, NULL),
(973, 7, 76, 210, '770/95', '1995-12-30 00:00:00', NULL, 1, '2017-05-10', '2017-05-10', NULL, NULL),
(974, 7, 76, 218, '027/89', '1989-03-05 00:00:00', NULL, 1, '2017-05-10', '2017-05-10', NULL, NULL),
(975, 11, 76, 52, '029/95', '1995-03-02 00:00:00', '1998-03-01 00:00:00', 2, '2017-05-10', '2017-05-10', NULL, NULL),
(976, 11, 76, 52, '459/02', '2002-08-26 00:00:00', '2003-08-25 00:00:00', 2, '2017-05-10', '2017-05-10', NULL, NULL),
(977, 22, 76, 174, '354/89', '1989-06-27 00:00:00', NULL, 2, '2017-05-10', '2017-05-10', NULL, NULL),
(978, 28, 76, 130, '751/95', '1995-12-07 00:00:00', NULL, 2, '2017-05-10', '2017-05-10', NULL, NULL),
(979, 36, 76, 175, '198/99', '1999-03-20 00:00:00', NULL, 1, '2017-05-10', '2017-05-10', NULL, NULL),
(980, 47, 76, 74, '210/75', '1975-11-12 00:00:00', '1978-11-11 00:00:00', 2, '2017-05-10', '2017-05-10', NULL, NULL),
(981, 47, 76, 74, '114/79', '1979-04-09 00:00:00', '1982-04-08 00:00:00', 2, '2017-05-10', '2017-05-10', NULL, NULL),
(982, 78, 76, 175, '422/08', '2008-08-08 00:00:00', NULL, 1, '2017-05-10', '2017-05-10', NULL, NULL),
(983, 116, 76, 211, '453/83', '1983-09-11 00:00:00', NULL, 1, '2017-05-10', '2017-05-10', NULL, NULL),
(984, 124, 76, 174, '455/90', '1990-08-23 00:00:00', NULL, 1, '2017-05-10', '2017-05-10', NULL, NULL),
(985, 124, 76, 212, '547/90', '1990-11-01 00:00:00', NULL, 1, '2017-05-10', '2017-05-10', NULL, NULL),
(986, 124, 76, 222, '044/95', '1995-05-06 00:00:00', NULL, 1, '2017-05-10', '2017-05-10', NULL, NULL),
(987, 126, 76, 196, '570/77', '1977-10-28 00:00:00', NULL, 1, '2017-05-10', '2017-05-10', NULL, NULL),
(988, 127, 76, 52, '399/04', '2004-06-24 00:00:00', '2007-06-23 00:00:00', 2, '2017-05-10', '2017-05-10', NULL, NULL),
(989, 4, 77, 196, '313/07', '2007-06-10 00:00:00', NULL, 1, '2017-05-10', '2017-05-10', NULL, NULL),
(990, 11, 77, 47, '213/10', '2010-03-05 00:00:00', '2013-03-04 00:00:00', 2, '2017-05-10', '2017-05-10', NULL, NULL),
(991, 35, 77, 179, '153/05', '2005-03-19 00:00:00', '2005-12-09 00:00:00', 1, '2017-05-10', '2017-05-10', NULL, NULL),
(992, 51, 77, 245, '452/07', '2007-07-23 00:00:00', NULL, 2, '2017-05-10', '2017-05-10', NULL, NULL),
(993, 55, 77, 63, '339/10', '2010-05-03 00:00:00', '2013-05-03 00:00:00', 2, '2017-05-10', '2017-05-10', NULL, NULL),
(994, 124, 77, 179, '702/05', '2005-12-09 00:00:00', '2007-07-23 00:00:00', 1, '2017-05-10', '2017-05-10', NULL, NULL),
(995, 2, 78, 24, '703/10', '2011-01-01 00:00:00', '2011-01-31 00:00:00', 1, '2017-05-10', '2017-05-10', '10-12-17 Sánchez Carlos A a cargo arquidioc 703.doc', '3b6fcbb2-086b-44f5-bb75-72300fa29311'),
(996, 1, 78, 1, '703/10', '2011-01-01 00:00:00', '2011-01-31 00:00:00', 1, '2017-05-10', '2017-05-10', NULL, NULL),
(997, 2, 78, 24, '634/10', '2010-11-03 00:00:00', '2010-11-12 00:00:00', 1, '2017-05-10', '2017-05-10', '10-11-03 Sánchez Carlos A a cargo arquidioc 634.doc', '6aeb7698-3427-4c0c-a9bb-75cf6c54a6ed'),
(998, 2, 78, 24, '317/10', '2010-04-18 00:00:00', '2010-04-24 00:00:00', 1, '2017-05-10', '2017-05-10', 'Sánchez Carlos A acargoarquidioc 10-04-14 317.doc', '9e980032-2c6d-4686-9a24-b1a2640199dc'),
(999, 2, 78, 24, '207/10', '2010-03-08 00:00:00', '2010-03-18 00:00:00', 1, '2017-05-10', '2017-05-10', 'Sánchez Carlos A acargoarquidioc 10-03-05 207.doc', '1a4804d2-dc78-4f1b-b4be-ccee52c35f2f'),
(1000, 2, 78, 24, '695/09', '2010-01-02 00:00:00', '2010-01-18 00:00:00', 1, '2017-05-10', '2017-05-10', NULL, NULL),
(1001, 2, 78, 24, '621/09', '2009-11-03 00:00:00', '2009-11-13 00:00:00', 1, '2017-05-10', '2017-05-10', NULL, NULL),
(1002, 2, 78, 24, '211/09', '2009-04-06 00:00:00', '2009-05-06 00:00:00', 1, '2017-05-10', '2017-05-10', NULL, NULL),
(1003, 2, 78, 24, '639/08', '2009-01-01 00:00:00', '2009-02-01 00:00:00', 1, '2017-05-10', '2017-05-10', NULL, NULL),
(1004, 2, 78, 24, '533/08', '2008-11-04 00:00:00', '2008-11-14 00:00:00', 1, '2017-05-10', '2017-05-10', NULL, NULL),
(1005, 2, 78, 24, '312/08', '2008-06-22 00:00:00', NULL, 1, '2017-05-10', '2017-05-10', NULL, NULL),
(1006, 2, 78, 24, '148/08', '2008-04-05 00:00:00', NULL, 1, '2017-05-10', '2017-05-10', NULL, NULL),
(1007, 2, 78, 24, '534/07', '2007-08-16 00:00:00', '2007-08-26 00:00:00', 1, '2017-05-10', '2017-05-10', NULL, NULL),
(1008, 2, 78, 24, '306/07', '2007-05-09 00:00:00', '2007-06-01 00:00:00', 1, '2017-05-10', '2017-05-10', NULL, NULL),
(1009, 2, 78, 24, '283/07', '2007-04-22 00:00:00', '2007-04-29 00:00:00', 1, '2017-05-10', '2017-05-10', NULL, NULL),
(1010, 4, 78, 175, '164/07', '2007-03-02 00:00:00', '2007-03-18 00:00:00', 1, '2017-05-10', '2017-05-10', NULL, NULL),
(1011, 7, 78, 175, '164/07', '2007-03-04 00:00:00', NULL, 1, '2017-05-10', '2017-05-10', NULL, NULL),
(1012, 7, 78, 176, '164/07', '2007-03-04 00:00:00', '2007-03-18 00:00:00', 2, '2017-05-10', '2017-05-10', NULL, NULL),
(1013, 11, 78, 3, '753/96', '1996-08-31 00:00:00', '1999-10-12 00:00:00', 2, '2017-05-10', '2017-05-10', NULL, NULL),
(1014, 11, 78, 87, '566/00', '2000-08-08 00:00:00', '2004-07-07 00:00:00', 2, '2017-05-10', '2017-05-10', NULL, NULL),
(1015, 11, 78, 154, '165/89', '1989-05-15 00:00:00', NULL, 2, '2017-05-10', '2017-05-10', NULL, NULL),
(1016, 12, 78, 60, '369/08', '2008-06-27 00:00:00', '2011-06-27 00:00:00', 2, '2017-05-10', '2017-05-10', NULL, NULL),
(1017, 26, 78, 37, '039/92', '1992-03-02 00:00:00', NULL, 2, '2017-05-10', '2017-05-10', NULL, NULL),
(1018, 47, 78, 244, '661/98', '1998-12-07 00:00:00', '2004-07-12 00:00:00', 2, '2017-05-10', '2017-05-10', NULL, NULL),
(1019, 51, 78, 244, '058/98', '1998-03-01 00:00:00', '2006-12-27 00:00:00', 1, '2017-05-10', '2017-05-10', NULL, NULL),
(1020, 51, 78, 246, '661/91', '1991-12-13 00:00:00', NULL, 2, '2017-05-10', '2017-05-10', NULL, NULL),
(1021, 52, 78, 168, '252/11', '2011-04-25 00:00:00', '2011-07-25 00:00:00', 2, '2017-05-10', '2017-05-10', NULL, NULL),
(1022, 54, 78, 62, '020/07', '2007-02-02 00:00:00', '2007-12-26 00:00:00', 2, '2017-05-10', '2017-05-10', NULL, NULL),
(1023, 55, 78, 63, '019/07', '2007-02-02 00:00:00', '2008-06-17 00:00:00', 2, '2017-05-10', '2017-05-10', NULL, NULL),
(1024, 55, 78, 63, '339/10', '2010-05-03 00:00:00', '2013-05-03 00:00:00', 2, '2017-05-10', '2017-05-10', NULL, NULL),
(1025, 56, 78, 64, '013/07', '2007-01-31 00:00:00', '2009-07-31 00:00:00', 2, '2017-05-10', '2017-05-10', NULL, NULL),
(1026, 56, 78, 64, '468/09', '2009-08-01 00:00:00', '2012-07-31 00:00:00', 2, '2017-05-10', '2017-05-10', NULL, NULL),
(1027, 57, 78, 33, '017/07', '2007-02-02 00:00:00', '2010-10-30 00:00:00', 2, '2017-05-10', '2017-05-10', NULL, NULL),
(1028, 57, 78, 33, '621/10', '2010-10-28 00:00:00', '2015-10-28 00:00:00', 2, '2017-05-10', '2017-05-10', NULL, NULL),
(1029, 58, 78, 31, '516/10', '2010-08-11 00:00:00', '2013-08-11 00:00:00', 2, '2017-05-10', '2017-05-10', NULL, NULL),
(1030, 64, 78, 33, '017/07', '2007-02-02 00:00:00', '2010-10-30 00:00:00', 2, '2017-05-10', '2017-05-10', NULL, NULL),
(1031, 64, 78, 41, '013/07', '2007-01-31 00:00:00', '2009-07-31 00:00:00', 2, '2017-05-10', '2017-05-10', NULL, NULL),
(1032, 64, 78, 62, '020/07', '2007-02-02 00:00:00', '2007-12-26 00:00:00', 2, '2017-05-10', '2017-05-10', NULL, NULL),
(1033, 64, 78, 63, '676/01', '2001-12-27 00:00:00', '2004-12-26 00:00:00', 2, '2017-05-10', '2017-05-10', NULL, NULL),
(1034, 64, 78, 63, '019/07', '2007-02-02 00:00:00', '2008-06-17 00:00:00', 2, '2017-05-10', '2017-05-10', NULL, NULL),
(1035, 74, 78, 24, '011/06', '2011-09-17 00:00:00', NULL, 1, '2017-05-10', '2017-05-10', NULL, NULL),
(1036, 74, 78, 25, '727/06', '2006-12-27 00:00:00', NULL, 2, '2017-05-10', '2017-05-10', NULL, NULL),
(1037, 76, 78, 185, '713/10', '2011-01-23 00:00:00', '2017-01-22 00:00:00', 1, '2017-05-10', '2017-05-10', NULL, NULL),
(1038, 97, 78, 246, '004/95', '1995-02-01 00:00:00', NULL, 1, '2017-05-10', '2017-05-10', NULL, NULL),
(1039, 98, 78, 246, '340/92', '1992-08-03 00:00:00', NULL, 1, '2017-05-10', '2017-05-10', NULL, NULL),
(1040, 119, 78, 24, '461/09', '2009-07-26 00:00:00', NULL, 1, '2017-05-10', '2017-05-10', NULL, NULL),
(1041, 119, 78, 24, '718/06', '2006-12-27 00:00:00', NULL, 1, '2017-05-10', '2017-05-10', NULL, NULL),
(1042, 119, 78, 24, '011/04', '2011-09-17 00:00:00', NULL, 1, '2017-05-10', '2017-05-10', NULL, NULL),
(1043, 124, 78, 181, '328/88', '1988-07-04 00:00:00', '1989-10-09 00:00:00', 1, '2017-05-10', '2017-05-10', NULL, NULL),
(1044, 124, 78, 198, '358/90', '1990-07-03 00:00:00', NULL, 1, '2017-05-10', '2017-05-10', NULL, NULL),
(1045, 124, 78, 212, '561/92', '1993-02-01 00:00:00', NULL, 1, '2017-05-10', '2017-05-10', NULL, NULL),
(1046, 124, 78, 226, '493/89', '1989-10-09 00:00:00', NULL, 1, '2017-05-10', '2017-05-10', NULL, NULL),
(1047, 2, 79, 24, '525/04', '2004-09-02 00:00:00', '2004-09-06 00:00:00', 1, '2017-05-10', '2017-05-10', NULL, NULL),
(1048, 3, 79, 70, '390/01', '2001-06-22 00:00:00', NULL, 1, '2017-05-10', '2017-05-10', NULL, NULL),
(1049, 4, 79, 177, '078/02', '2002-03-18 00:00:00', '2002-05-28 00:00:00', 1, '2017-05-10', '2017-05-10', NULL, NULL),
(1050, 4, 79, 177, '595/01', '2001-10-23 00:00:00', NULL, 1, '2017-05-10', '2017-05-10', NULL, NULL),
(1051, 7, 79, 177, '325/02', '2002-05-29 00:00:00', '2002-12-29 00:00:00', 1, '2017-05-10', '2017-05-10', NULL, NULL),
(1052, 7, 79, 196, '638/04', '2004-11-08 00:00:00', '2005-03-05 00:00:00', 1, '2017-05-10', '2017-05-10', NULL, NULL),
(1053, 11, 79, 3, '753/96', '1996-08-31 00:00:00', '1999-10-12 00:00:00', 2, '2017-05-10', '2017-05-10', NULL, NULL),
(1054, 11, 79, 3, '028/99', '1999-10-11 00:00:00', '2002-10-13 00:00:00', 2, '2017-05-10', '2017-05-10', NULL, NULL),
(1055, 11, 79, 5, '380/06', '2006-07-02 00:00:00', NULL, 2, '2017-05-10', '2017-05-10', NULL, NULL),
(1056, 11, 79, 9, '290/10', '2010-03-08 00:00:00', '2013-03-08 00:00:00', 2, '2017-05-10', '2017-05-10', NULL, NULL),
(1057, 17, 79, 24, '196/01', '2001-04-17 00:00:00', '2006-08-18 00:00:00', 1, '2017-05-10', '2017-05-10', NULL, NULL),
(1058, 51, 79, 244, '736/00', '2000-12-26 00:00:00', '2006-08-18 00:00:00', 2, '2017-05-10', '2017-05-10', NULL, NULL),
(1059, 64, 79, 64, '552/00', '2000-08-01 00:00:00', '2003-07-31 00:00:00', 2, '2017-05-10', '2017-05-10', NULL, NULL),
(1060, 76, 79, 229, '478/06', '2006-08-19 00:00:00', '2012-08-18 00:00:00', 1, '2017-05-10', '2017-05-10', NULL, NULL),
(1061, 97, 79, 244, '060/98', '1998-03-01 00:00:00', '2000-12-26 00:00:00', 2, '2017-05-10', '2017-05-10', NULL, NULL),
(1062, 102, 79, 106, '200/10', '2010-03-05 00:00:00', '2012-08-18 00:00:00', 2, '2017-05-10', '2017-05-10', NULL, NULL),
(1063, 131, 79, 246, '005/95', '1995-02-01 00:00:00', NULL, 2, '2017-05-10', '2017-05-10', NULL, NULL),
(1064, 7, 80, 196, '742/85', '1986-02-01 00:00:00', '1983-03-01 00:00:00', 1, '2017-05-10', '2017-05-10', NULL, NULL),
(1065, 7, 80, 201, '526/85', '1985-06-18 00:00:00', '1986-01-31 00:00:00', 1, '2017-05-10', '2017-05-10', NULL, NULL),
(1066, 7, 80, 216, '280/86', '1986-05-28 00:00:00', NULL, 1, '2017-05-10', '2017-05-10', NULL, NULL),
(1067, 11, 80, 155, '499/89', '1989-10-20 00:00:00', '1992-10-19 00:00:00', 2, '2017-05-10', '2017-05-10', NULL, NULL),
(1068, 27, 80, 248, '789/85', '1986-02-16 00:00:00', NULL, 2, '2017-05-10', '2017-05-10', NULL, NULL),
(1069, 38, 80, 76, '499/88', '1988-10-14 00:00:00', '1993-10-13 00:00:00', 2, '2017-05-10', '2017-05-10', NULL, NULL),
(1070, 38, 80, 76, '551/00', '2000-08-01 00:00:00', '2003-07-31 00:00:00', 2, '2017-05-10', '2017-05-10', NULL, NULL),
(1071, 47, 80, 153, '548/02', '2002-10-22 00:00:00', '2004-12-16 00:00:00', 2, '2017-05-10', '2017-05-10', NULL, NULL),
(1072, 64, 80, 33, '674/00', '2000-10-30 00:00:00', '2005-10-29 00:00:00', 2, '2017-05-10', '2017-05-10', NULL, NULL),
(1073, 64, 80, 64, '500/88', '1988-10-14 00:00:00', '1993-10-13 00:00:00', 2, '2017-05-10', '2017-05-10', NULL, NULL),
(1074, 64, 80, 64, '552/00', '2000-08-01 00:00:00', '2003-07-31 00:00:00', 2, '2017-05-10', '2017-05-10', NULL, NULL),
(1075, 64, 80, 64, '397/03', '2003-08-01 00:00:00', '2006-07-31 00:00:00', 2, '2017-05-10', '2017-05-10', NULL, NULL),
(1076, 76, 80, 196, '052/98', '1998-02-28 00:00:00', '2002-12-29 00:00:00', 1, '2017-05-10', '2017-05-10', NULL, NULL),
(1077, 76, 80, 196, '036/92', '1992-02-28 00:00:00', '1998-02-27 00:00:00', 1, '2017-05-10', '2017-05-10', NULL, NULL),
(1078, 76, 80, 196, '051/86', '1986-03-02 00:00:00', '1992-02-27 00:00:00', 1, '2017-05-10', '2017-05-10', NULL, NULL),
(1079, 76, 80, 198, '603/08', '2008-12-10 00:00:00', '2014-12-29 00:00:00', 1, '2017-05-10', '2017-05-10', NULL, NULL),
(1080, 76, 80, 198, '610/02', '2002-12-29 00:00:00', '2008-12-28 00:00:00', 1, '2017-05-10', '2017-05-10', NULL, NULL),
(1081, 76, 80, 201, '126/82', '1982-04-04 00:00:00', NULL, 1, '2017-05-10', '2017-05-10', NULL, NULL),
(1082, 76, 80, 224, '039/75', '1975-03-22 00:00:00', NULL, 1, '2017-05-10', '2017-05-10', NULL, NULL),
(1083, 102, 80, 43, '097/75', '1975-05-12 00:00:00', NULL, 2, '2017-05-10', '2017-05-10', NULL, NULL),
(1084, 102, 80, 90, '096/75', '1975-05-12 00:00:00', NULL, 2, '2017-05-10', '2017-05-10', NULL, NULL),
(1085, 102, 80, 96, '072/75', '1975-04-18 00:00:00', NULL, 2, '2017-05-10', '2017-05-10', NULL, NULL),
(1086, 102, 80, 136, '034/03', '2003-03-01 00:00:00', '2008-12-28 00:00:00', 2, '2017-05-10', '2017-05-10', NULL, NULL),
(1087, 102, 80, 139, '657/78', '1978-12-21 00:00:00', NULL, 2, '2017-05-10', '2017-05-10', NULL, NULL),
(1088, 116, 80, 201, '167/83', '1983-06-18 00:00:00', '1985-08-05 00:00:00', 1, '2017-05-10', '2017-05-10', NULL, NULL),
(1089, 127, 80, 155, '190/93', '1993-03-01 00:00:00', '1996-05-31 00:00:00', 2, '2017-05-10', '2017-05-10', NULL, NULL),
(1090, 127, 80, 155, '615/86', '1986-09-22 00:00:00', NULL, 2, '2017-05-10', '2017-05-10', NULL, NULL),
(1091, 4, 81, 169, '358/10', '2010-05-28 00:00:00', '2010-06-28 00:00:00', 1, '2017-05-10', '2017-05-10', NULL, NULL),
(1092, 4, 81, 228, '214/03', '2003-04-21 00:00:00', '2003-05-20 00:00:00', 1, '2017-05-10', '2017-05-10', NULL, NULL),
(1093, 53, 81, 253, '465/07', '2007-07-13 00:00:00', '2009-06-30 00:00:00', 2, '2017-05-10', '2017-05-10', NULL, NULL),
(1094, 61, 81, 253, '443/09', '2009-06-30 00:00:00', '2012-06-30 00:00:00', 2, '2017-05-10', '2017-05-10', NULL, NULL),
(1095, 124, 81, 169, '040/10', '2010-03-01 00:00:00', NULL, 1, '2017-05-10', '2017-05-10', NULL, NULL),
(1096, 124, 81, 212, '097/04', '2004-03-06 00:00:00', '2007-03-01 00:00:00', 1, '2017-05-10', '2017-05-10', NULL, NULL),
(1097, 124, 81, 221, '109/09', '2009-03-01 00:00:00', '2010-02-28 00:00:00', 1, '2017-05-10', '2017-05-10', NULL, NULL),
(1098, 124, 81, 228, '631/02', '2002-12-27 00:00:00', '2004-03-06 00:00:00', 1, '2017-05-10', '2017-05-10', NULL, NULL),
(1099, 7, 82, 170, '420/05', '2005-07-15 00:00:00', NULL, 1, '2017-05-10', '2017-05-10', NULL, NULL),
(1100, 14, 82, 155, '', '2010-10-28 00:00:00', '2011-10-28 00:00:00', 2, '2017-05-10', '2017-05-10', NULL, NULL),
(1101, 28, 82, 129, '398/02', '2002-07-01 00:00:00', '2006-08-05 00:00:00', 2, '2017-05-10', '2017-05-10', NULL, NULL),
(1102, 38, 82, 81, '395/03', '2003-08-01 00:00:00', '2006-07-31 00:00:00', 2, '2017-05-10', '2017-05-10', NULL, NULL),
(1103, 64, 82, 64, '', '2000-07-19 00:00:00', '2000-11-16 00:00:00', 2, '2017-05-10', '2017-05-10', NULL, NULL),
(1104, 64, 82, 64, '397/03', '2003-08-01 00:00:00', '2006-07-31 00:00:00', 2, '2017-05-10', '2017-05-10', NULL, NULL),
(1105, 76, 82, 176, '431/08', '2008-08-24 00:00:00', '2010-03-25 00:00:00', 1, '2017-05-10', '2017-05-10', NULL, NULL),
(1106, 76, 82, 227, '205/10', '2010-03-26 00:00:00', '2011-12-22 00:00:00', 1, '2017-05-10', '2017-05-10', NULL, NULL),
(1107, 76, 82, 229, '627/00', '2000-10-29 00:00:00', '2006-08-14 00:00:00', 1, '2017-05-10', '2017-05-10', NULL, NULL),
(1108, 97, 82, 245, '11/139', '2011-12-22 00:00:00', NULL, 2, '2017-05-10', '2017-05-10', NULL, NULL),
(1109, 124, 82, 198, '432/99', '1999-07-17 00:00:00', '2000-10-28 00:00:00', 1, '2017-05-10', '2017-05-10', NULL, NULL),
(1110, 124, 82, 216, '888/96', '1996-10-12 00:00:00', '1996-12-09 00:00:00', 1, '2017-05-10', '2017-05-10', NULL, NULL),
(1111, 124, 82, 229, '956/96', '1996-12-09 00:00:00', '1999-07-17 00:00:00', 1, '2017-05-10', '2017-05-10', NULL, NULL),
(1112, 7, 83, 173, '381/92', '1992-08-24 00:00:00', '1992-08-27 00:00:00', 1, '2017-05-10', '2017-05-10', NULL, NULL),
(1113, 7, 83, 174, '784/85', '1986-01-01 00:00:00', NULL, 1, '2017-05-10', '2017-05-10', NULL, NULL),
(1114, 7, 83, 188, '793/85', '1986-02-01 00:00:00', NULL, 1, '2017-05-10', '2017-05-10', NULL, NULL),
(1115, 7, 83, 228, '693/09', '2009-01-31 00:00:00', '2010-03-04 00:00:00', 2, '2017-05-10', '2017-05-10', NULL, NULL),
(1116, 8, 83, 174, '791/86', '1987-01-01 00:00:00', NULL, 1, '2017-05-10', '2017-05-10', NULL, NULL),
(1117, 11, 83, 149, '433/08', '2008-08-12 00:00:00', '2011-08-12 00:00:00', 2, '2017-05-10', '2017-05-10', NULL, NULL),
(1118, 26, 83, 134, '089/87', '1987-02-26 00:00:00', NULL, 2, '2017-05-10', '2017-05-10', NULL, NULL),
(1119, 28, 83, 126, '668/84', '1984-10-03 00:00:00', NULL, 2, '2017-05-10', '2017-05-10', NULL, NULL),
(1120, 28, 83, 240, '082/89', '1989-03-31 00:00:00', NULL, 2, '2017-05-10', '2017-05-10', NULL, NULL),
(1121, 76, 83, 173, '056/98', '1998-02-28 00:00:00', '2004-01-31 00:00:00', 1, '2017-05-10', '2017-05-10', NULL, NULL),
(1122, 76, 83, 173, '394/92', '1992-08-28 00:00:00', '1998-02-27 00:00:00', 1, '2017-05-10', '2017-05-10', NULL, NULL),
(1123, 76, 83, 173, '421/90', '1990-08-12 00:00:00', '1992-08-23 00:00:00', 1, '2017-05-10', '2017-05-10', NULL, NULL),
(1124, 76, 83, 228, '209/10', '2010-03-05 00:00:00', '2016-03-04 00:00:00', 1, '2017-05-10', '2017-05-10', NULL, NULL),
(1125, 76, 83, 228, '630/03', '2004-01-31 00:00:00', '2010-01-30 00:00:00', 1, '2017-05-10', '2017-05-10', NULL, NULL),
(1126, 102, 83, 104, '080/04', '2004-02-23 00:00:00', '2010-01-30 00:00:00', 2, '2017-05-10', '2017-05-10', NULL, NULL),
(1127, 102, 83, 228, '712/09', '2010-01-31 00:00:00', '2010-03-04 00:00:00', 2, '2017-05-10', '2017-05-10', NULL, NULL),
(1128, 102, 83, 228, '208/10', '2010-03-05 00:00:00', '2016-03-04 00:00:00', 2, '2017-05-10', '2017-05-10', NULL, NULL),
(1129, 124, 83, 174, '809/84', '1985-01-01 00:00:00', '1986-03-02 00:00:00', 1, '2017-05-10', '2017-05-10', NULL, NULL),
(1130, 124, 83, 183, '441/86', '1986-06-23 00:00:00', '1987-02-28 00:00:00', 1, '2017-05-10', '2017-05-10', NULL, NULL),
(1131, 124, 83, 191, '004/87', '1987-03-01 00:00:00', NULL, 1, '2017-05-10', '2017-05-10', NULL, NULL),
(1132, 124, 83, 200, '036/89', '1989-03-21 00:00:00', '1990-08-10 00:00:00', 1, '2017-05-10', '2017-05-10', NULL, NULL),
(1133, 124, 83, 200, '036/89', '1989-03-04 00:00:00', '1990-08-11 00:00:00', 1, '2017-05-10', '2017-05-10', NULL, NULL),
(1134, 124, 83, 213, '738/85', '1986-03-03 00:00:00', '1986-06-22 00:00:00', 1, '2017-05-10', '2017-05-10', NULL, NULL),
(1135, 124, 83, 216, '105/88', '1988-04-01 00:00:00', '1989-03-03 00:00:00', 1, '2017-05-10', '2017-05-10', NULL, NULL),
(1136, 124, 83, 228, '311/84', '1984-08-30 00:00:00', '1984-12-31 00:00:00', 1, '2017-05-10', '2017-05-10', NULL, NULL),
(1137, 9, 84, 246, '181/01', '2001-04-09 00:00:00', NULL, 1, '2017-05-10', '2017-05-10', NULL, NULL),
(1138, 44, 84, 243, '739/04', '2004-12-27 00:00:00', '2007-12-26 00:00:00', 2, '2017-05-10', '2017-05-10', NULL, NULL),
(1139, 47, 84, 245, '11/140', '2011-12-22 00:00:00', NULL, 2, '2017-05-10', '2017-05-10', NULL, NULL),
(1140, 47, 84, 246, '742/04', '2005-02-01 00:00:00', '2007-03-01 00:00:00', 2, '2017-05-10', '2017-05-10', NULL, NULL),
(1141, 49, 84, 199, '152/07', '2007-03-01 00:00:00', NULL, 1, '2017-05-10', '2017-05-10', NULL, NULL),
(1142, 51, 84, 245, '008/10', '2010-02-01 00:00:00', NULL, 2, '2017-05-10', '2017-05-10', NULL, NULL),
(1143, 64, 84, 146, '745/04', '2004-12-27 00:00:00', '2007-10-21 00:00:00', 2, '2017-05-10', '2017-05-10', NULL, NULL),
(1144, 109, 84, 25, '760/04', '2004-12-30 00:00:00', '2007-02-16 00:00:00', 2, '2017-05-10', '2017-05-10', NULL, NULL),
(1145, 124, 84, 191, '018/02', '2002-03-04 00:00:00', '2004-12-27 00:00:00', 1, '2017-05-10', '2017-05-10', NULL, NULL),
(1146, 124, 84, 218, '677/01', '2001-12-17 00:00:00', '2002-03-04 00:00:00', 1, '2017-05-10', '2017-05-10', NULL, NULL),
(1147, 42, 85, 170, '', '2009-05-29 00:00:00', '2009-12-11 00:00:00', 1, '2017-05-10', '2017-05-10', NULL, NULL),
(1148, 109, 85, 25, '152/10', '2010-02-18 00:00:00', NULL, 2, '2017-05-10', '2017-05-10', NULL, NULL),
(1149, 124, 85, 192, '013/10', '2010-02-01 00:00:00', NULL, 1, '2017-05-10', '2017-05-10', NULL, NULL),
(1150, 4, 86, 228, '557/07', '2007-09-12 00:00:00', NULL, 1, '2017-05-10', '2017-05-10', NULL, NULL),
(1151, 35, 86, 191, '171/06', '2006-04-01 00:00:00', '2007-03-01 00:00:00', 1, '2017-05-10', '2017-05-10', NULL, NULL),
(1152, 124, 86, 215, '636/08', '2009-03-01 00:00:00', '2009-05-10 00:00:00', 1, '2017-05-10', '2017-05-10', NULL, NULL),
(1153, 124, 86, 221, '692/09', '2009-12-23 00:00:00', '2011-08-22 00:00:00', 1, '2017-05-10', '2017-05-10', NULL, NULL),
(1154, 124, 86, 228, '146/07', '2007-03-01 00:00:00', '2009-05-10 00:00:00', 1, '2017-05-10', '2017-05-10', NULL, NULL),
(1155, 124, 86, 229, '518/11', '2011-08-22 00:00:00', NULL, 1, '2017-05-10', '2017-05-10', NULL, NULL),
(1156, 10, 87, 25, '', '1999-09-17 00:00:00', '2011-09-17 00:00:00', 1, '2017-05-10', '2017-05-10', NULL, NULL),
(1157, 97, 87, 131, '011/02', '2011-09-17 00:00:00', NULL, 1, '2017-05-10', '2017-05-10', NULL, NULL),
(1158, 7, 88, 188, '008/85', '1985-02-02 00:00:00', NULL, 1, '2017-05-10', '2017-05-10', NULL, NULL),
(1159, 17, 88, 25, '638/84', '1984-09-21 00:00:00', NULL, 1, '2017-05-10', '2017-05-10', NULL, NULL),
(1160, 24, 88, 117, '106/92', '1992-04-22 00:00:00', NULL, 2, '2017-05-10', '2017-05-10', NULL, NULL),
(1161, 38, 88, 75, '445/06', '2006-08-01 00:00:00', '2009-07-31 00:00:00', 2, '2017-05-10', '2017-05-10', NULL, NULL),
(1162, 38, 88, 75, '467/09', '2009-08-01 00:00:00', '2012-08-01 00:00:00', 2, '2017-05-10', '2017-05-10', NULL, NULL),
(1163, 56, 88, 64, '11/106', '2011-11-22 00:00:00', '2012-03-31 00:00:00', 2, '2017-05-10', '2017-05-10', NULL, NULL),
(1164, 56, 88, 65, '468/09', '2009-08-01 00:00:00', '2012-07-31 00:00:00', 2, '2017-05-10', '2017-05-10', NULL, NULL),
(1165, 64, 88, 34, '593/93', '1993-10-19 00:00:00', '1994-03-25 00:00:00', 2, '2017-05-10', '2017-05-10', NULL, NULL),
(1166, 64, 88, 34, '107/90', '1990-03-28 00:00:00', NULL, 2, '2017-05-10', '2017-05-10', NULL, NULL),
(1167, 64, 88, 64, '655/83', '1983-09-21 00:00:00', '1988-09-20 00:00:00', 2, '2017-05-10', '2017-05-10', NULL, NULL),
(1168, 64, 88, 64, '590/93', '1993-10-12 00:00:00', '1994-03-25 00:00:00', 2, '2017-05-10', '2017-05-10', NULL, NULL),
(1169, 64, 88, 64, '446/06', '2006-08-01 00:00:00', '2009-07-31 00:00:00', 2, '2017-05-10', '2017-05-10', NULL, NULL),
(1170, 64, 88, 64, '107/90', '1990-03-28 00:00:00', NULL, 2, '2017-05-10', '2017-05-10', NULL, NULL),
(1171, 76, 88, 181, '617/87', '1987-09-20 00:00:00', NULL, 1, '2017-05-10', '2017-05-10', NULL, NULL),
(1172, 76, 88, 181, '617/87', '1987-09-20 00:00:00', NULL, 1, '2017-05-10', '2017-05-10', NULL, NULL),
(1173, 76, 88, 188, '076/86', '1986-03-14 00:00:00', '1987-09-19 00:00:00', 1, '2017-05-10', '2017-05-10', NULL, NULL),
(1174, 76, 88, 205, '575/78', '1978-12-03 00:00:00', NULL, 1, '2017-05-10', '2017-05-10', NULL, NULL),
(1175, 81, 88, 25, '787/83', '1984-02-01 00:00:00', '1984-09-20 00:00:00', 1, '2017-05-10', '2017-05-10', NULL, NULL),
(1176, 102, 88, 44, '182/78', '1978-04-11 00:00:00', NULL, 2, '2017-05-10', '2017-05-10', NULL, NULL),
(1177, 102, 88, 44, '718/83', '1983-11-30 00:00:00', NULL, 2, '2017-05-10', '2017-05-10', NULL, NULL),
(1178, 102, 88, 45, '127/85', '1985-03-26 00:00:00', NULL, 2, '2017-05-10', '2017-05-10', NULL, NULL),
(1179, 102, 88, 91, '712/84', '1984-11-01 00:00:00', NULL, 2, '2017-05-10', '2017-05-10', NULL, NULL),
(1180, 102, 88, 98, '712/84', '1984-11-01 00:00:00', NULL, 2, '2017-05-10', '2017-05-10', NULL, NULL),
(1181, 102, 88, 100, '130/75', '1975-05-20 00:00:00', NULL, 2, '2017-05-10', '2017-05-10', NULL, NULL),
(1182, 9, 89, 219, '179/01', '2001-04-09 00:00:00', '2001-12-28 00:00:00', 1, '2017-05-10', '2017-05-10', NULL, NULL),
(1183, 11, 89, 50, '441/04', '2004-07-07 00:00:00', '2006-10-24 00:00:00', 2, '2017-05-10', '2017-05-10', NULL, NULL),
(1184, 64, 89, 64, '446/06', '2006-08-01 00:00:00', '2009-07-31 00:00:00', 2, '2017-05-10', '2017-05-10', NULL, NULL),
(1185, 76, 89, 227, '267/08', '2008-05-05 00:00:00', NULL, 1, '2017-05-10', '2017-05-10', NULL, NULL),
(1186, 124, 89, 219, '684/01', '2001-12-28 00:00:00', '2003-02-01 00:00:00', 1, '2017-05-10', '2017-05-10', NULL, NULL),
(1187, 124, 89, 186, '104/05', '2005-03-06 00:00:00', '2007-03-05 00:00:00', 1, '2017-05-10', '2017-05-10', NULL, NULL),
(1188, 124, 89, 215, '599/09', '2009-10-17 00:00:00', NULL, 1, '2017-05-10', '2017-05-10', NULL, NULL),
(1189, 124, 89, 217, '635/02', '2003-02-01 00:00:00', '2005-03-06 00:00:00', 1, '2017-05-10', '2017-05-10', NULL, NULL),
(1190, 124, 89, 227, '162/07', '2007-03-05 00:00:00', NULL, 1, '2017-05-10', '2017-05-10', NULL, NULL),
(1191, 124, 89, 227, '162/07', '2007-03-04 00:00:00', NULL, 1, '2017-05-10', '2017-05-10', NULL, NULL),
(1192, 35, 90, 215, '194/06', '2006-04-18 00:00:00', '2006-12-06 00:00:00', 1, '2017-05-10', '2017-05-10', NULL, NULL),
(1193, 124, 90, 174, '203/10', '2010-03-05 00:00:00', NULL, 1, '2017-05-10', '2017-05-10', NULL, NULL),
(1194, 124, 90, 215, '707/06', '2006-12-06 00:00:00', NULL, 1, '2017-05-10', '2017-05-10', NULL, NULL),
(1195, 2, 78, 25, '641/07', '2007-04-11 00:00:00', '2007-04-18 00:00:00', 1, NULL, NULL, NULL, NULL),
(1196, 2, 78, 25, '742/07', '2007-12-31 00:00:00', '2008-01-31 00:00:00', 1, NULL, NULL, NULL, NULL),
(1197, 2, 65, 24, '405/12', '2012-05-10 00:00:00', NULL, 2, NULL, NULL, 'Passarell a cargo arquidioc 12-05-10 405.doc', '7ace44df-1ff8-497a-a3d2-7c9f9bf9323e'),
(1198, 2, 82, 24, '975/12', '2012-12-26 00:00:00', NULL, 2, NULL, NULL, 'Tonello Amadeo J a cargo arquidioc 12-12-26 975.doc', 'b9474914-abec-4b70-91e6-e4736abd43d1');

-- --------------------------------------------------------

--
-- Estructura de tabla para la tabla `instituciones`
--

CREATE TABLE IF NOT EXISTS `instituciones` (
`id` int(11) NOT NULL,
  `descripcion` varchar(80) COLLATE latin1_spanish_ci NOT NULL,
  `created` datetime DEFAULT NULL,
  `modified` datetime DEFAULT NULL
) ENGINE=InnoDB AUTO_INCREMENT=257 DEFAULT CHARSET=latin1 COLLATE=latin1_spanish_ci;

--
-- Volcado de datos para la tabla `instituciones`
--

INSERT INTO `instituciones` (`id`, `descripcion`, `created`, `modified`) VALUES
(1, '** no definida **', '2017-05-10 00:00:00', '2017-05-10 00:00:00'),
(2, 'Acción Católica Argentina - Area Adultos', '2017-05-10 00:00:00', '2017-05-10 00:00:00'),
(3, 'Acción Católica Argentina - Area Aspirantes', '2017-05-10 00:00:00', '2017-05-10 00:00:00'),
(4, 'Acción Católica Argentina - Area Jóvenes', '2017-05-10 00:00:00', '2017-05-10 00:00:00'),
(5, 'Acción Católica Argentina - Comisión Arquidiocesana - Area Adultos', '2017-05-10 00:00:00', '2017-05-10 00:00:00'),
(6, 'Acción Católica Argentina - Comisión Arquidiocesana - Area Aspirantes', '2017-05-10 00:00:00', '2017-05-10 00:00:00'),
(7, 'Acción Católica Argentina - Comisión Arquidiocesana - Area Jovenes', '2017-05-10 00:00:00', '2017-05-10 00:00:00'),
(8, 'Acción Católica Argentina - Consejo Arquidiocesano', '2017-05-10 00:00:00', '2017-05-10 00:00:00'),
(9, 'Acción Católica Argentina - Consejo Arquidiocesano - Area Adulto', '2017-05-10 00:00:00', '2017-05-10 00:00:00'),
(10, 'Acción Católica Argentina - Consejo Arquidiocesano - Area Aspirantes', '2017-05-10 00:00:00', '2017-05-10 00:00:00'),
(11, 'Acción Católica Argentina - Consejo Arquidiocesano - Area Jovenes', '2017-05-10 00:00:00', '2017-05-10 00:00:00'),
(12, 'Acción Católica Argentina - Consejo Arquidiocesano - Area Sectores', '2017-05-10 00:00:00', '2017-05-10 00:00:00'),
(13, 'Acción Católica Argentina - Consejo Arquidiocesano - Infancia', '2017-05-10 00:00:00', '2017-05-10 00:00:00'),
(14, 'Acción Católica Argentina - Consejo de Hombres', '2017-05-10 00:00:00', '2017-05-10 00:00:00'),
(15, 'Acción Católica Argentina - Consejo de Jovenes', '2017-05-10 00:00:00', '2017-05-10 00:00:00'),
(16, 'Acción Católica Argentina - Consejo de Jovenes - E. Infancia', '2017-05-10 00:00:00', '2017-05-10 00:00:00'),
(17, 'Acción Católica Argentina - Consejo de Jovenes - E. Parroquial', '2017-05-10 00:00:00', '2017-05-10 00:00:00'),
(18, 'Acción Católica Argentina - Consejo de Jovenes - E. Secundario', '2017-05-10 00:00:00', '2017-05-10 00:00:00'),
(19, 'Acción Católica Argentina - Consejo de Mujeres', '2017-05-10 00:00:00', '2017-05-10 00:00:00'),
(20, 'Acción Católica Argentina - Equipo de Infancia', '2017-05-10 00:00:00', '2017-05-10 00:00:00'),
(21, 'Acción Católica Argentina - Jóvenes Universitarios', '2017-05-10 00:00:00', '2017-05-10 00:00:00'),
(22, 'AD Audiendas Confessiones', '2017-05-10 00:00:00', '2017-05-10 00:00:00'),
(23, 'Apostolado de la Oración', '2017-05-10 00:00:00', '2017-05-10 00:00:00'),
(24, 'Arquidiocesis de Tucumán', '2017-05-10 00:00:00', '2017-05-10 00:00:00'),
(25, 'Arzobispado de Tucumán', '2017-05-10 00:00:00', '2017-05-10 00:00:00'),
(26, 'Asociación Católica de Empleados de Tucumán', '2017-05-10 00:00:00', '2017-05-10 00:00:00'),
(27, 'Asociación Puente', '2017-05-10 00:00:00', '2017-05-10 00:00:00'),
(28, 'Cabildo Eclasiástico de Tucumán', '2017-05-10 00:00:00', '2017-05-10 00:00:00'),
(29, 'Cabildo Eclasiástico Metropolitano', '2017-05-10 00:00:00', '2017-05-10 00:00:00'),
(30, 'Capilla San Antonio - Pquia Ntra. Sra. del Valle - Marcos Paz', '2017-05-10 00:00:00', '2017-05-10 00:00:00'),
(31, 'Clero', '2017-05-10 00:00:00', '2017-05-10 00:00:00'),
(32, 'Clero Joven', '2017-05-10 00:00:00', '2017-05-10 00:00:00'),
(33, 'Colegio de Consultores', '2017-05-10 00:00:00', '2017-05-10 00:00:00'),
(34, 'Colegio de Consultores de la Arquidiocesis', '2017-05-10 00:00:00', '2017-05-10 00:00:00'),
(35, 'Colegio de Consultores Parrocos', '2017-05-10 00:00:00', '2017-05-10 00:00:00'),
(36, 'Colegio El Salvador - Inicial, Primario C658 y Medio F31', '2017-05-10 00:00:00', '2017-05-10 00:00:00'),
(37, 'Colegio Guillermina Leston de Guzmán', '2017-05-10 00:00:00', '2017-05-10 00:00:00'),
(38, 'Colegio León XIII', '2017-05-10 00:00:00', '2017-05-10 00:00:00'),
(39, 'Colegio Ntra. Sra. de Fátima', '2017-05-10 00:00:00', '2017-05-10 00:00:00'),
(40, 'Colegio Ntra. Sra. de la Consolación (Tafí Viejo)', '2017-05-10 00:00:00', '2017-05-10 00:00:00'),
(41, 'Colegio Presbiteral', '2017-05-10 00:00:00', '2017-05-10 00:00:00'),
(42, 'Colegio San Joaquín', '2017-05-10 00:00:00', '2017-05-10 00:00:00'),
(43, 'Colegio San Pablo Apóstol', '2017-05-10 00:00:00', '2017-05-10 00:00:00'),
(44, 'Colegio San Vicente de Paul', '2017-05-10 00:00:00', '2017-05-10 00:00:00'),
(45, 'Colegio Secundario Pío XII', '2017-05-10 00:00:00', '2017-05-10 00:00:00'),
(46, 'Comisión Arquidiocesana de Cáritas', '2017-05-10 00:00:00', '2017-05-10 00:00:00'),
(47, 'Comisión Arquidiocesana de la Pastoral Vocacional', '2017-05-10 00:00:00', '2017-05-10 00:00:00'),
(48, 'Comisión Arquidiocesana de Liturgia', '2017-05-10 00:00:00', '2017-05-10 00:00:00'),
(49, 'Comisión Arquidiocesana de Obras de Vocaciones', '2017-05-10 00:00:00', '2017-05-10 00:00:00'),
(50, 'Comisión Arquidiocesana de Pastoral de Juventud', '2017-05-10 00:00:00', '2017-05-10 00:00:00'),
(51, 'Comisión Arquidiocesana de Pastoral de la Salud', '2017-05-10 00:00:00', '2017-05-10 00:00:00'),
(52, 'Comisión Arquidiocesana de Pastotal de la Salud', '2017-05-10 00:00:00', '2017-05-10 00:00:00'),
(53, 'Comisión Arquidiocesana para las Comunicaciones Sociales', '2017-05-10 00:00:00', '2017-05-10 00:00:00'),
(54, 'Comisión Arquidiosana de Pastoral de Juventud', '2017-05-10 00:00:00', '2017-05-10 00:00:00'),
(55, 'Comisión Directiva de la Esc. de Ministerios Arquidiocesana ', '2017-05-10 00:00:00', '2017-05-10 00:00:00'),
(56, 'Comisión Encargada de Estudiar los Limites Parroquiales', '2017-05-10 00:00:00', '2017-05-10 00:00:00'),
(57, 'Comisión Organizadora de la Celebración de Corpus Christi', '2017-05-10 00:00:00', '2017-05-10 00:00:00'),
(58, 'Comunidad Hermanas Ntra. Sra. de la Inmaculada Concepción (B.R.S)', '2017-05-10 00:00:00', '2017-05-10 00:00:00'),
(59, 'Comunidad Hnas. Colegio Guillermina Leston de Guzmán', '2017-05-10 00:00:00', '2017-05-10 00:00:00'),
(60, 'Consejo Arquidiocesano de Laicos', '2017-05-10 00:00:00', '2017-05-10 00:00:00'),
(61, 'Consejo de Asuntos Economicos de la Arquidiocesis', '2017-05-10 00:00:00', '2017-05-10 00:00:00'),
(62, 'Consejo de Ordenes y Ministerios', '2017-05-10 00:00:00', '2017-05-10 00:00:00'),
(63, 'Consejo Pastoral Arquidiocesano', '2017-05-10 00:00:00', '2017-05-10 00:00:00'),
(64, 'Consejo Presbiteral Arquidiosesano', '2017-05-10 00:00:00', '2017-05-10 00:00:00'),
(65, 'Consejo Presbiteral Arquidiosesano (por los Decanos)', '2017-05-10 00:00:00', '2017-05-10 00:00:00'),
(66, 'Coordinadora Juvenil Católica', '2017-05-10 00:00:00', '2017-05-10 00:00:00'),
(67, 'Coro del Honorable Cabildo Metropolitano', '2017-05-10 00:00:00', '2017-05-10 00:00:00'),
(68, 'Ctro. de Recuperacion y Clasificacon de Menores Julio A. Roca', '2017-05-10 00:00:00', '2017-05-10 00:00:00'),
(69, 'Ctro. de Recuperacion y Clasificacon de Menores Sta. Maria Goretti', '2017-05-10 00:00:00', '2017-05-10 00:00:00'),
(70, 'Cuasipquia. Cristo Rey', '2017-05-10 00:00:00', '2017-05-10 00:00:00'),
(71, 'Cuasipquia. del Espíritu Santo', '2017-05-10 00:00:00', '2017-05-10 00:00:00'),
(72, 'Curia Arquidiocesana', '2017-05-10 00:00:00', '2017-05-10 00:00:00'),
(73, 'Curia Arzobispal', '2017-05-10 00:00:00', '2017-05-10 00:00:00'),
(74, 'Cursillos de Cristiandad', '2017-05-10 00:00:00', '2017-05-10 00:00:00'),
(75, 'Decanato I', '2017-05-10 00:00:00', '2017-05-10 00:00:00'),
(76, 'Decanato II', '2017-05-10 00:00:00', '2017-05-10 00:00:00'),
(77, 'Decanato III', '2017-05-10 00:00:00', '2017-05-10 00:00:00'),
(78, 'Decanato IV', '2017-05-10 00:00:00', '2017-05-10 00:00:00'),
(79, 'Decanato V', '2017-05-10 00:00:00', '2017-05-10 00:00:00'),
(80, 'Decanato VI', '2017-05-10 00:00:00', '2017-05-10 00:00:00'),
(81, 'Decanato VII', '2017-05-10 00:00:00', '2017-05-10 00:00:00'),
(82, 'Diócesis Santiago del Estero', '2017-05-10 00:00:00', '2017-05-10 00:00:00'),
(83, 'Dirección Gral. de Institutos Penales', '2017-05-10 00:00:00', '2017-05-10 00:00:00'),
(84, 'El Salvador', '2017-05-10 00:00:00', '2017-05-10 00:00:00'),
(85, 'El Santo Cristo', '2017-05-10 00:00:00', '2017-05-10 00:00:00'),
(86, 'Elector Decanato I', '2017-05-10 00:00:00', '2017-05-10 00:00:00'),
(87, 'Equipo Arquidiocesano de Pastoral de Juventud', '2017-05-10 00:00:00', '2017-05-10 00:00:00'),
(88, 'Esc. de Manualidades de la Vic. Santisimo Sacramento', '2017-05-10 00:00:00', '2017-05-10 00:00:00'),
(89, 'Esc. Manualidades C. del Smo. Sacramento', '2017-05-10 00:00:00', '2017-05-10 00:00:00'),
(90, 'Esc. Parroquial Déan Salcedo', '2017-05-10 00:00:00', '2017-05-10 00:00:00'),
(91, 'Escuela 1 de Mayo', '2017-05-10 00:00:00', '2017-05-10 00:00:00'),
(92, 'Escuela Arquidiocesana San Esteban', '2017-05-10 00:00:00', '2017-05-10 00:00:00'),
(93, 'Escuela Comercial Social de Cultura Católica Ntra. Sra. del Valle', '2017-05-10 00:00:00', '2017-05-10 00:00:00'),
(94, 'Escuela de Artes y Oficios José Colombres', '2017-05-10 00:00:00', '2017-05-10 00:00:00'),
(95, 'Escuela de Manualidades de la Vicaría del Santisimo Sacramento', '2017-05-10 00:00:00', '2017-05-10 00:00:00'),
(96, 'Escuela de Manualidades Maria Reina', '2017-05-10 00:00:00', '2017-05-10 00:00:00'),
(97, 'Escuela de Manualidades Maria Reina - El Manatial', '2017-05-10 00:00:00', '2017-05-10 00:00:00'),
(98, 'Escuela de Manualidades Ntra. Sra. de Fátima', '2017-05-10 00:00:00', '2017-05-10 00:00:00'),
(99, 'Escuela de Manualidades Ntra. Sra. del Carmen', '2017-05-10 00:00:00', '2017-05-10 00:00:00'),
(100, 'Escuela de Manualidades San Vicente de Paul', '2017-05-10 00:00:00', '2017-05-10 00:00:00'),
(101, 'Escuela Parroquial Dean Salcedo - Malvinas - Lules', '2017-05-10 00:00:00', '2017-05-10 00:00:00'),
(102, 'Escuela Parroquial Juan XXIII', '2017-05-10 00:00:00', '2017-05-10 00:00:00'),
(103, 'Escuela Parroquial Maria Reina', '2017-05-10 00:00:00', '2017-05-10 00:00:00'),
(104, 'Escuela Parroquial San Roque', '2017-05-10 00:00:00', '2017-05-10 00:00:00'),
(105, 'Escuela Parroquial Villa del Carmen - Lules', '2017-05-10 00:00:00', '2017-05-10 00:00:00'),
(106, 'Escuela Santisimo Sacramento', '2017-05-10 00:00:00', '2017-05-10 00:00:00'),
(107, 'Escuela Social de Cultura Católica Ntra. Sra. del Valle', '2017-05-10 00:00:00', '2017-05-10 00:00:00'),
(108, 'Europa', '2017-05-10 00:00:00', '2017-05-10 00:00:00'),
(109, 'Extranjero', '2017-05-10 00:00:00', '2017-05-10 00:00:00'),
(110, 'Gendarmeria Nacional Argentina - Agrupacion VIII', '2017-05-10 00:00:00', '2017-05-10 00:00:00'),
(111, 'Grupos de Oración', '2017-05-10 00:00:00', '2017-05-10 00:00:00'),
(112, 'Hermanas Adoratrices Esclavas del Sto. Sacramento y de la Caridad', '2017-05-10 00:00:00', '2017-05-10 00:00:00'),
(113, 'Hermanas Josefinas del Colegio Leon XIII', '2017-05-10 00:00:00', '2017-05-10 00:00:00'),
(114, 'Hermanas Pobres Bonaerenses de San José', '2017-05-10 00:00:00', '2017-05-10 00:00:00'),
(115, 'Hermandad de los Caballeros del Santo Viatico y de Ntra. Sra. de las Mercedes', '2017-05-10 00:00:00', '2017-05-10 00:00:00'),
(116, 'Hnas. de Ntra. Sra. de la Consolación', '2017-05-10 00:00:00', '2017-05-10 00:00:00'),
(117, 'Hnas. Dominicas del Smo. Nombre de Jesus - Convento Santa Rosa', '2017-05-10 00:00:00', '2017-05-10 00:00:00'),
(118, 'Hogar de Discapacidos San Benito', '2017-05-10 00:00:00', '2017-05-10 00:00:00'),
(119, 'Hogar de Menores Gral. Belgrano', '2017-05-10 00:00:00', '2017-05-10 00:00:00'),
(120, 'Hogar de Niños Eva Perón y San Luis Gonzaga', '2017-05-10 00:00:00', '2017-05-10 00:00:00'),
(121, 'Hogar de Transito Micaela', '2017-05-10 00:00:00', '2017-05-10 00:00:00'),
(122, 'Hogar de Transito Santa Maria de Micaela', '2017-05-10 00:00:00', '2017-05-10 00:00:00'),
(123, 'Hogar Escuela Agrotecnica San Agustin de Floricultura y Jardineria', '2017-05-10 00:00:00', '2017-05-10 00:00:00'),
(124, 'Hogar Escuela Eva Perón', '2017-05-10 00:00:00', '2017-05-10 00:00:00'),
(125, 'Hospital Angel C. Padilla', '2017-05-10 00:00:00', '2017-05-10 00:00:00'),
(126, 'Hospital Centro de Salud Dr. Zenón Santillán', '2017-05-10 00:00:00', '2017-05-10 00:00:00'),
(127, 'Hospital de Clinicas Dr. Nicolás Avellaneda', '2017-05-10 00:00:00', '2017-05-10 00:00:00'),
(128, 'Hospital de la Ciudad de Famaillá', '2017-05-10 00:00:00', '2017-05-10 00:00:00'),
(129, 'Hospital del Niño Jesús', '2017-05-10 00:00:00', '2017-05-10 00:00:00'),
(130, 'Hospital Dr. Juan Manuel Obarrio', '2017-05-10 00:00:00', '2017-05-10 00:00:00'),
(131, 'Iglesia La Santa Cruz', '2017-05-10 00:00:00', '2017-05-10 00:00:00'),
(132, 'Inmaculado Corazon de Maria', '2017-05-10 00:00:00', '2017-05-10 00:00:00'),
(133, 'Instituto Agrotecnico 20 de Junio', '2017-05-10 00:00:00', '2017-05-10 00:00:00'),
(134, 'Instituto de Puericultura Alfredo Guzmán', '2017-05-10 00:00:00', '2017-05-10 00:00:00'),
(135, 'Instituto Gral. Manuel Belgrano', '2017-05-10 00:00:00', '2017-05-10 00:00:00'),
(136, 'Instituto Ntra. Sra. de Lujan', '2017-05-10 00:00:00', '2017-05-10 00:00:00'),
(137, 'Instituto San Joaquín - Trancas', '2017-05-10 00:00:00', '2017-05-10 00:00:00'),
(138, 'Instituto San José', '2017-05-10 00:00:00', '2017-05-10 00:00:00'),
(139, 'Instituto San Pablo Apóstol', '2017-05-10 00:00:00', '2017-05-10 00:00:00'),
(140, 'Instituto San Vicente de Paul', '2017-05-10 00:00:00', '2017-05-10 00:00:00'),
(141, 'Instituto Santo Cristo', '2017-05-10 00:00:00', '2017-05-10 00:00:00'),
(142, 'Instituto Seminario Conciliar San José', '2017-05-10 00:00:00', '2017-05-10 00:00:00'),
(143, 'Instituto Seminario Menor San José', '2017-05-10 00:00:00', '2017-05-10 00:00:00'),
(144, 'Instituto Superior de Cultura Religiosa Santo Toribio de Mogrovejo', '2017-05-10 00:00:00', '2017-05-10 00:00:00'),
(145, 'Instituto Superior de Trabajo Social Juan XXIII', '2017-05-10 00:00:00', '2017-05-10 00:00:00'),
(146, 'Junta Arquidiocesana de Catequesis', '2017-05-10 00:00:00', '2017-05-10 00:00:00'),
(147, 'Juventud Obrera Católica', '2017-05-10 00:00:00', '2017-05-10 00:00:00'),
(148, 'La Caridad y la Acción Social', '2017-05-10 00:00:00', '2017-05-10 00:00:00'),
(149, 'Liga de Madres de Familia', '2017-05-10 00:00:00', '2017-05-10 00:00:00'),
(150, 'Maria Reina', '2017-05-10 00:00:00', '2017-05-10 00:00:00'),
(151, 'MFC', '2017-05-10 00:00:00', '2017-05-10 00:00:00'),
(152, 'Movimiento Circulos de Juventud', '2017-05-10 00:00:00', '2017-05-10 00:00:00'),
(153, 'Movimiento Cursillos de Cristiandad', '2017-05-10 00:00:00', '2017-05-10 00:00:00'),
(154, 'Movimiento Eslabón', '2017-05-10 00:00:00', '2017-05-10 00:00:00'),
(155, 'Movimiento Familiar Cristiano', '2017-05-10 00:00:00', '2017-05-10 00:00:00'),
(156, 'Movimiento Palestra', '2017-05-10 00:00:00', '2017-05-10 00:00:00'),
(157, 'Movimiento Puente', '2017-05-10 00:00:00', '2017-05-10 00:00:00'),
(158, 'Ntra. Sra. de Lujan', '2017-05-10 00:00:00', '2017-05-10 00:00:00'),
(159, 'Ntra. Sra. del Rosario', '2017-05-10 00:00:00', '2017-05-10 00:00:00'),
(160, 'Ntra. Sra. del Valle (Ing. La Florida)', '2017-05-10 00:00:00', '2017-05-10 00:00:00'),
(161, 'Ntra. Sra. del Valle (Tafi Viejo)', '2017-05-10 00:00:00', '2017-05-10 00:00:00'),
(162, 'Obra de Vocaciones Sacerdotales, Religiosas y de Especial Cons. a Dios', '2017-05-10 00:00:00', '2017-05-10 00:00:00'),
(163, 'Obras Misionales Pontificias', '2017-05-10 00:00:00', '2017-05-10 00:00:00'),
(164, 'Pastoral de la Salud', '2017-05-10 00:00:00', '2017-05-10 00:00:00'),
(165, 'Pastoral Social y Caridad', '2017-05-10 00:00:00', '2017-05-10 00:00:00'),
(166, 'Pastoral Vocacional', '2017-05-10 00:00:00', '2017-05-10 00:00:00'),
(167, 'Policia de Tucumán', '2017-05-10 00:00:00', '2017-05-10 00:00:00'),
(168, 'Pontificio Colegio Español Vía di Torre Rossa 2 - Roma - Italia', '2017-05-10 00:00:00', '2017-05-10 00:00:00'),
(169, 'Pquia. Cristo Divino Obrero', '2017-05-10 00:00:00', '2017-05-10 00:00:00'),
(170, 'Pquia. Cristo Rey', '2017-05-10 00:00:00', '2017-05-10 00:00:00'),
(171, 'Pquia. Cristo Rey (Las Talitas)', '2017-05-10 00:00:00', '2017-05-10 00:00:00'),
(172, 'Pquia. Cristo Rey (V.M. Moreno)', '2017-05-10 00:00:00', '2017-05-10 00:00:00'),
(173, 'Pquia. El Salvador', '2017-05-10 00:00:00', '2017-05-10 00:00:00'),
(174, 'Pquia. El Santo Cristo', '2017-05-10 00:00:00', '2017-05-10 00:00:00'),
(175, 'Pquia. Espíritu Santo', '2017-05-10 00:00:00', '2017-05-10 00:00:00'),
(176, 'Pquia. Espíritu Santo (Ranchillos)', '2017-05-10 00:00:00', '2017-05-10 00:00:00'),
(177, 'Pquia. Inmaculada Concepción', '2017-05-10 00:00:00', '2017-05-10 00:00:00'),
(178, 'Pquia. Inmaculada Concepción (Tafi del Valle)', '2017-05-10 00:00:00', '2017-05-10 00:00:00'),
(179, 'Pquia. Inmaculada Concepcion (Tafi Viejo)', '2017-05-10 00:00:00', '2017-05-10 00:00:00'),
(180, 'Pquia. Inmaculada Concepción (Tafí Viejo)', '2017-05-10 00:00:00', '2017-05-10 00:00:00'),
(181, 'Pquia. Inmaculado Corazón de María', '2017-05-10 00:00:00', '2017-05-10 00:00:00'),
(182, 'Pquia. La Resurrección del Señor', '2017-05-10 00:00:00', '2017-05-10 00:00:00'),
(183, 'Pquia. La Victoria', '2017-05-10 00:00:00', '2017-05-10 00:00:00'),
(184, 'Pquia. La Victoria - Santuario Ntra. Sra. de la Merced', '2017-05-10 00:00:00', '2017-05-10 00:00:00'),
(185, 'Pquia. La Victoria (Ntra. Sra. de la Merced)', '2017-05-10 00:00:00', '2017-05-10 00:00:00'),
(186, 'Pquia. Maria Reina', '2017-05-10 00:00:00', '2017-05-10 00:00:00'),
(187, 'Pquia. Maria Reina (El Manantial)', '2017-05-10 00:00:00', '2017-05-10 00:00:00'),
(188, 'Pquia. Ntra. Sra. de Fátima', '2017-05-10 00:00:00', '2017-05-10 00:00:00'),
(189, 'Pquia. Ntra. Sra. de Guadalupe', '2017-05-10 00:00:00', '2017-05-10 00:00:00'),
(190, 'Pquia. Ntra. Sra. de la Caridad', '2017-05-10 00:00:00', '2017-05-10 00:00:00'),
(191, 'Pquia. Ntra. Sra. de la Encarnación', '2017-05-10 00:00:00', '2017-05-10 00:00:00'),
(192, 'Pquia. Ntra. Sra. de la Encarnación (La Catedral)', '2017-05-10 00:00:00', '2017-05-10 00:00:00'),
(193, 'Pquia. Ntra. Sra. de la Esperanza', '2017-05-10 00:00:00', '2017-05-10 00:00:00'),
(194, 'Pquia. Ntra. Sra. de la Medalla Milagrosa', '2017-05-10 00:00:00', '2017-05-10 00:00:00'),
(195, 'Pquia. Ntra. Sra. de la Merced', '2017-05-10 00:00:00', '2017-05-10 00:00:00'),
(196, 'Pquia. Ntra. Sra. de las Gracias', '2017-05-10 00:00:00', '2017-05-10 00:00:00'),
(197, 'Pquia. Ntra. Sra. de Lujan', '2017-05-10 00:00:00', '2017-05-10 00:00:00'),
(198, 'Pquia. Ntra. Sra. de Luján', '2017-05-10 00:00:00', '2017-05-10 00:00:00'),
(199, 'Pquia. Ntra. Sra. del Carmelo', '2017-05-10 00:00:00', '2017-05-10 00:00:00'),
(200, 'Pquia. Ntra. Sra. del Carmen', '2017-05-10 00:00:00', '2017-05-10 00:00:00'),
(201, 'Pquia. Ntra. Sra. del Carmen (Famaillá)', '2017-05-10 00:00:00', '2017-05-10 00:00:00'),
(202, 'Pquia. Ntra. Sra. del Carmen (Tafi del Valle)', '2017-05-10 00:00:00', '2017-05-10 00:00:00'),
(203, 'Pquia. Ntra. Sra. del Carmen (Tafí del Valle)', '2017-05-10 00:00:00', '2017-05-10 00:00:00'),
(204, 'Pquia. Ntra. Sra. del Carmen (Tafí Viejo)', '2017-05-10 00:00:00', '2017-05-10 00:00:00'),
(205, 'Pquia. Ntra. Sra. del Rosario', '2017-05-10 00:00:00', '2017-05-10 00:00:00'),
(206, 'Pquia. Ntra. Sra. del Valle', '2017-05-10 00:00:00', '2017-05-10 00:00:00'),
(207, 'Pquia. Ntra. Sra. del Valle (Ing. La Florida)', '2017-05-10 00:00:00', '2017-05-10 00:00:00'),
(208, 'Pquia. Ntra. Sra. del Valle (La Florida)', '2017-05-10 00:00:00', '2017-05-10 00:00:00'),
(209, 'Pquia. Ntra. Sra. del Valle (Tafi Viejo)', '2017-05-10 00:00:00', '2017-05-10 00:00:00'),
(210, 'Pquia. Ntra. Sra. del Valle (Tafí Viejo)', '2017-05-10 00:00:00', '2017-05-10 00:00:00'),
(211, 'Pquia. Ntra. Sra. del Valle (Yerba Buena)', '2017-05-10 00:00:00', '2017-05-10 00:00:00'),
(212, 'Pquia. Sagrada Familia', '2017-05-10 00:00:00', '2017-05-10 00:00:00'),
(213, 'Pquia. Sagrado Corazón de Jesús', '2017-05-10 00:00:00', '2017-05-10 00:00:00'),
(214, 'Pquia. San Antonio de Padua', '2017-05-10 00:00:00', '2017-05-10 00:00:00'),
(215, 'Pquia. San Francisco Solano', '2017-05-10 00:00:00', '2017-05-10 00:00:00'),
(216, 'Pquia. San Isidro Labrador', '2017-05-10 00:00:00', '2017-05-10 00:00:00'),
(217, 'Pquia. San Joaquín', '2017-05-10 00:00:00', '2017-05-10 00:00:00'),
(218, 'Pquia. San Joaquín (Trancas)', '2017-05-10 00:00:00', '2017-05-10 00:00:00'),
(219, 'Pquia. San José (Bella Vista)', '2017-05-10 00:00:00', '2017-05-10 00:00:00'),
(220, 'Pquia. San José (Cevil Redondo)', '2017-05-10 00:00:00', '2017-05-10 00:00:00'),
(221, 'Pquia. San José Obrero', '2017-05-10 00:00:00', '2017-05-10 00:00:00'),
(222, 'Pquia. San José Obrero (El Colmenar)', '2017-05-10 00:00:00', '2017-05-10 00:00:00'),
(223, 'Pquia. San Martín de Porres', '2017-05-10 00:00:00', '2017-05-10 00:00:00'),
(224, 'Pquia. San Pablo Apóstol', '2017-05-10 00:00:00', '2017-05-10 00:00:00'),
(225, 'Pquia. San Pedro Nolasco', '2017-05-10 00:00:00', '2017-05-10 00:00:00'),
(226, 'Pquia. San Pío X', '2017-05-10 00:00:00', '2017-05-10 00:00:00'),
(227, 'Pquia. San Ramón Nonato', '2017-05-10 00:00:00', '2017-05-10 00:00:00'),
(228, 'Pquia. San Roque', '2017-05-10 00:00:00', '2017-05-10 00:00:00'),
(229, 'Pquia. Santisimo Sacramento', '2017-05-10 00:00:00', '2017-05-10 00:00:00'),
(230, 'Pquia. Santo Cristo', '2017-05-10 00:00:00', '2017-05-10 00:00:00'),
(231, 'Pquia. Sgdo. Corazón de Jesús', '2017-05-10 00:00:00', '2017-05-10 00:00:00'),
(232, 'Pquia. Sra. del Rosario', '2017-05-10 00:00:00', '2017-05-10 00:00:00'),
(233, 'Pquia. Sra. Ntra. del Carmen (Famaillá)', '2017-05-10 00:00:00', '2017-05-10 00:00:00'),
(234, 'Renovacion Carismatica Catolica', '2017-05-10 00:00:00', '2017-05-10 00:00:00'),
(235, 'Republica de Colombia', '2017-05-10 00:00:00', '2017-05-10 00:00:00'),
(236, 'Roma', '2017-05-10 00:00:00', '2017-05-10 00:00:00'),
(237, 'Sagrada Familia', '2017-05-10 00:00:00', '2017-05-10 00:00:00'),
(238, 'Sagrado Corazón de Jesús', '2017-05-10 00:00:00', '2017-05-10 00:00:00'),
(239, 'San Antonio de Padua', '2017-05-10 00:00:00', '2017-05-10 00:00:00'),
(240, 'Sanatorio Integral ADOS', '2017-05-10 00:00:00', '2017-05-10 00:00:00'),
(241, 'Santisimo Sacramento', '2017-05-10 00:00:00', '2017-05-10 00:00:00'),
(242, 'Secretariado del Movimiento Cursillos de Cristiandad', '2017-05-10 00:00:00', '2017-05-10 00:00:00'),
(243, 'Seminario Arquidiocesano de Catequesis San Pío X', '2017-05-10 00:00:00', '2017-05-10 00:00:00'),
(244, 'Seminario Mayor', '2017-05-10 00:00:00', '2017-05-10 00:00:00'),
(245, 'Seminario Mayor Arquidiocesano', '2017-05-10 00:00:00', '2017-05-10 00:00:00'),
(246, 'Seminario Menor', '2017-05-10 00:00:00', '2017-05-10 00:00:00'),
(247, 'Seminario Menor Conciliar de San José', '2017-05-10 00:00:00', '2017-05-10 00:00:00'),
(248, 'Servicio Peninteciario Provincial', '2017-05-10 00:00:00', '2017-05-10 00:00:00'),
(249, 'Servicio Sacerdotal de Urgencia', '2017-05-10 00:00:00', '2017-05-10 00:00:00'),
(250, 'Sociedad del Clero', '2017-05-10 00:00:00', '2017-05-10 00:00:00'),
(251, 'Tribunal Examinador AD Audiencias Confessiones', '2017-05-10 00:00:00', '2017-05-10 00:00:00'),
(252, 'Tribunal Examinador AD Confessiones Excopiendas', '2017-05-10 00:00:00', '2017-05-10 00:00:00'),
(253, 'Tribunal Interdiocesano de Tucumán', '2017-05-10 00:00:00', '2017-05-10 00:00:00'),
(254, 'Viaje a Estados Unidos de América', '2017-05-10 00:00:00', '2017-05-10 00:00:00'),
(255, 'Viaje al Extranjero', '2017-05-10 00:00:00', '2017-05-10 00:00:00'),
(256, 'X Congreso Eucaristico Nacional', '2017-05-10 00:00:00', '2017-05-10 00:00:00');

-- --------------------------------------------------------

--
-- Estructura de tabla para la tabla `mitabla`
--

CREATE TABLE IF NOT EXISTS `mitabla` (
  `id` int(11) NOT NULL,
  `texto` varchar(20) COLLATE latin1_spanish_ci NOT NULL
) ENGINE=InnoDB DEFAULT CHARSET=latin1 COLLATE=latin1_spanish_ci COMMENT='mi tabla';

-- --------------------------------------------------------

--
-- Estructura de tabla para la tabla `protocolos`
--

CREATE TABLE IF NOT EXISTS `protocolos` (
`id` int(10) NOT NULL,
  `protocolo` int(11) NOT NULL,
  `año` int(11) NOT NULL,
  `protocolo_tipo_id` int(11) DEFAULT NULL,
  `created` datetime DEFAULT NULL,
  `modified` datetime DEFAULT NULL
) ENGINE=InnoDB AUTO_INCREMENT=8 DEFAULT CHARSET=latin1 COLLATE=latin1_spanish_ci;

--
-- Volcado de datos para la tabla `protocolos`
--

INSERT INTO `protocolos` (`id`, `protocolo`, `año`, `protocolo_tipo_id`, `created`, `modified`) VALUES
(1, 1, 2017, 1, '2017-09-05 12:40:06', '2017-09-05 16:51:36'),
(2, 10, 2017, 2, '2017-09-05 14:56:52', '2017-09-05 14:56:52'),
(3, 8, 2017, 8, '2017-09-05 15:21:37', '2017-10-26 14:56:04'),
(4, 53, 2017, 3, '2017-09-05 15:55:53', '2017-09-05 15:55:53'),
(5, 162, 2016, 2, '2017-09-19 15:01:21', '2017-10-26 14:55:08'),
(6, 732, 2016, 1, '2017-09-19 15:13:50', '2017-09-19 15:13:50'),
(7, 80, 2015, 2, '2017-09-19 15:24:22', '2017-10-25 10:53:45');

-- --------------------------------------------------------

--
-- Estructura de tabla para la tabla `protocolo_tipo`
--

CREATE TABLE IF NOT EXISTS `protocolo_tipo` (
`id` int(11) NOT NULL,
  `name` varchar(45) COLLATE latin1_spanish_ci DEFAULT NULL,
  `parent_id` int(11) DEFAULT NULL,
  `active` bit(1) DEFAULT NULL,
  `created` datetime DEFAULT NULL,
  `modified` datetime DEFAULT NULL
) ENGINE=InnoDB AUTO_INCREMENT=9 DEFAULT CHARSET=latin1 COLLATE=latin1_spanish_ci;

--
-- Volcado de datos para la tabla `protocolo_tipo`
--

INSERT INTO `protocolo_tipo` (`id`, `name`, `parent_id`, `active`, `created`, `modified`) VALUES
(1, 'Certificado', 6, NULL, '2017-09-25 21:33:44', '2017-10-24 12:44:10'),
(2, 'Rectificación', 6, NULL, '2017-09-25 21:34:48', '2017-10-24 12:44:18'),
(3, 'Reposición', 6, NULL, '2017-09-25 21:35:06', '2017-10-24 12:44:26'),
(4, 'Trámite', NULL, NULL, '2017-10-24 12:40:04', '2017-10-24 12:40:27'),
(5, 'Protocolo', NULL, NULL, '2017-10-24 12:40:20', '2017-10-24 12:40:20'),
(6, 'Bautismo', 4, NULL, '2017-10-24 12:40:46', '2017-10-24 12:40:46'),
(7, 'Sacerdotes', 5, NULL, '2017-10-26 14:28:45', '2017-10-26 14:28:45'),
(8, 'Designaciones', 7, NULL, '2017-10-26 14:45:23', '2017-10-26 14:49:08');

-- --------------------------------------------------------

--
-- Estructura de tabla para la tabla `sacerdotes`
--

CREATE TABLE IF NOT EXISTS `sacerdotes` (
  `id` int(11) NOT NULL,
  `apellido` varchar(30) COLLATE latin1_spanish_ci NOT NULL,
  `nombre` varchar(60) COLLATE latin1_spanish_ci NOT NULL,
  `dni` varchar(12) COLLATE latin1_spanish_ci DEFAULT NULL,
  `fnacimiento` datetime DEFAULT NULL,
  `fordenacion` datetime DEFAULT NULL,
  `protocolo` varchar(8) COLLATE latin1_spanish_ci DEFAULT NULL,
  `created` datetime DEFAULT NULL,
  `modified` datetime DEFAULT NULL
) ENGINE=InnoDB AUTO_INCREMENT=95 DEFAULT CHARSET=latin1 COLLATE=latin1_spanish_ci;

--
-- Volcado de datos para la tabla `sacerdotes`
--

INSERT INTO `sacerdotes` (`id`, `apellido`, `nombre`, `dni`, `fnacimiento`, `fordenacion`, `protocolo`, `created`, `modified`) VALUES
(1, 'ABDO', 'Miguel Ángel', '18477348', '1967-12-18 00:00:00', '2007-10-19 00:00:00', '', '2017-05-10 00:00:00', '2017-06-07 14:34:43'),
(2, 'ABUIN', 'José Ignacio', '13474277', '1959-08-21 00:00:00', '1985-11-29 00:00:00', '', '2017-05-10 00:00:00', '2017-05-10 00:00:00'),
(3, 'ACEVEDO', 'Ricardo Salvador', '24200048', '1974-09-14 00:00:00', '2000-10-20 00:00:00', '621/00', '2017-05-10 00:00:00', '2017-05-10 00:00:00'),
(4, 'ACOSTA', 'Jorge Luis', '20284006', '1968-12-16 00:00:00', '1993-03-26 00:00:00', '064/93', '2017-05-10 00:00:00', '2017-05-12 13:55:55'),
(5, 'AGÜERO', 'Vicente Marcelo', '18186402', '1966-12-20 00:00:00', '1993-03-26 00:00:00', '', '2017-05-10 00:00:00', '2017-05-10 00:00:00'),
(6, 'ALBORNOZ', 'Julio César', '6948672', '1936-07-02 00:00:00', '1960-07-10 00:00:00', '', '2017-05-10 00:00:00', '2017-05-10 00:00:00'),
(7, 'ALDERETE DECIMA', 'Marcos Alfredo', '21027621', '1969-08-28 00:00:00', '1997-11-07 00:00:00', '503/97', '2017-05-10 00:00:00', '2017-05-10 00:00:00'),
(8, 'ALDERETE GARRIDO', 'Miguel Elias', '14135024', '1960-09-23 00:00:00', '1989-09-29 00:00:00', '480/89', '2017-05-10 00:00:00', '2017-05-10 00:00:00'),
(9, 'ALVARADO', 'Hernan Eduardo', '27944120', '1980-03-27 00:00:00', '2006-11-24 00:00:00', '628/06', '2017-05-10 00:00:00', '2017-05-10 00:00:00'),
(10, 'ALVAREZ', 'Nestor Rafael', '22429608', '1972-12-08 00:00:00', '1998-10-12 00:00:00', '570/98', '2017-05-10 00:00:00', '2017-05-10 00:00:00'),
(11, 'AVERSANO', 'Rodolfo Martín', '24505720', '1975-04-28 00:00:00', '2002-10-18 00:00:00', '', '2017-05-10 00:00:00', '2017-05-22 18:26:04'),
(12, 'BARRIONUEVO', 'Jorge Marcelo', '16888171', '1965-02-08 00:00:00', '1991-09-27 00:00:00', '', '2017-05-10 00:00:00', '2017-05-10 00:00:00'),
(13, 'BARVARINO', 'Julio Guillermo', '24340911', '1974-12-30 00:00:00', '2001-10-12 00:00:00', '491/01', '2017-05-10 00:00:00', '2017-05-10 00:00:00'),
(14, 'BENZI', 'Rafael Guillermo', '13710079', '1959-12-30 00:00:00', '1984-12-14 00:00:00', '', '2017-05-10 00:00:00', '2017-05-10 00:00:00'),
(15, 'BERENGEL', 'José Antonio', '8036405', '1950-03-20 00:00:00', '1975-11-16 00:00:00', '', '2017-05-10 00:00:00', '2017-05-10 00:00:00'),
(16, 'BLUNDA', 'Jorge Martín', '13848528', '1960-07-05 00:00:00', '1985-11-29 00:00:00', '', '2017-05-10 00:00:00', '2017-05-10 00:00:00'),
(17, 'BRANDAN', 'Luis Alberto', '16951661', '1964-11-16 00:00:00', '2007-10-19 00:00:00', '', '2017-05-10 00:00:00', '2017-05-10 00:00:00'),
(18, 'CANO JURADO', 'Daniel', '14190987', '1958-12-10 00:00:00', '1984-12-14 00:00:00', '', '2017-05-10 00:00:00', '2017-05-10 00:00:00'),
(19, 'CARABAJAL', 'Antonio Clemente', '29061484', '1981-11-13 00:00:00', '2007-10-19 00:00:00', '', '2017-05-10 00:00:00', '2017-05-10 00:00:00'),
(20, 'CARRAZANA', 'Omar del Valle', ' ', '1962-07-04 00:00:00', '1989-09-29 00:00:00', '', '2017-05-10 00:00:00', '2017-05-10 00:00:00'),
(21, 'CARRIZO', 'Carlos Alfredo', '7086875', '1942-01-14 00:00:00', '1968-07-20 00:00:00', '', '2017-05-10 00:00:00', '2017-05-10 00:00:00'),
(22, 'CASTILLA', 'José Andrés', '14352705', '1961-09-14 00:00:00', '1988-06-24 00:00:00', '', '2017-05-10 00:00:00', '2017-05-10 00:00:00'),
(23, 'CHAVEZ', 'José Melitón', '13115510', '1957-07-02 00:00:00', '1985-11-29 00:00:00', '', '2017-05-10 00:00:00', '2017-05-10 00:00:00'),
(24, 'CHIUMIENTO', 'Gerardo Daniel', '29741989', '1982-12-24 00:00:00', '2010-11-19 00:00:00', '582/10', '2017-05-10 00:00:00', '2017-05-10 00:00:00'),
(25, 'CLERICI', 'Ernesto Daniel', '23930634', '1974-05-02 00:00:00', '2001-08-03 00:00:00', '', '2017-05-10 00:00:00', '2017-05-10 00:00:00'),
(26, 'COSTILLA', 'Sergio Ramón', '17860525', '1966-12-30 00:00:00', '1996-10-11 00:00:00', '', '2017-05-10 00:00:00', '2017-05-10 00:00:00'),
(27, 'D ELIA TIRONE', 'Carmelo Manuel', '24982593', '1975-12-04 00:00:00', '2001-10-12 00:00:00', '492/01', '2017-05-10 00:00:00', '2017-05-10 00:00:00'),
(28, 'DIEGUEZ', 'Gerardo Rubén', '20285755', '1969-06-20 00:00:00', '1998-10-12 00:00:00', '571/98', '2017-05-10 00:00:00', '2017-05-10 00:00:00'),
(29, 'DIP', 'Pablo Antonio', '21748156', '1970-10-03 00:00:00', '2002-10-18 00:00:00', '', '2017-05-10 00:00:00', '2017-05-10 00:00:00'),
(30, 'DURANGO', 'Marcelo Javier', '26638150', '1978-05-04 00:00:00', '2004-10-22 00:00:00', '', '2017-05-10 00:00:00', '2017-05-10 00:00:00'),
(31, 'ESPECHE', 'Roberto Antonio', '12141846', '1958-02-09 00:00:00', '1988-06-24 00:00:00', '', '2017-05-10 00:00:00', '2017-05-10 00:00:00'),
(32, 'GALLAND', 'Miguel Gustavo', '7083133', '1941-01-25 00:00:00', '1970-05-10 00:00:00', '', '2017-05-10 00:00:00', '2017-05-10 00:00:00'),
(33, 'GALLARDO NUÑEZ', 'Eduardo Antonio', '20285374', '1969-05-14 00:00:00', '1997-11-07 00:00:00', '505/97', '2017-05-10 00:00:00', '2017-05-10 00:00:00'),
(34, 'GIARDINA', 'Fernando Gabriel', '25736282', '1977-03-29 00:00:00', '2004-10-22 00:00:00', '560/04', '2017-05-10 00:00:00', '2017-05-10 00:00:00'),
(35, 'GOMEZ ARANDA', 'Julio César', '10645081', '1952-10-05 00:00:00', '1976-10-10 00:00:00', '', '2017-05-10 00:00:00', '2017-05-10 00:00:00'),
(36, 'GOMEZ', 'Carlos Julián', '20433461', '1969-09-06 00:00:00', '2000-10-20 00:00:00', '621/00', '2017-05-10 00:00:00', '2017-05-10 00:00:00'),
(37, 'GOMEZ', 'Dante Miguel', '14351910', '1961-09-05 00:00:00', '1988-06-24 00:00:00', '', '2017-05-10 00:00:00', '2017-05-10 00:00:00'),
(38, 'GOMEZ', 'Horacio Alfredo', '12606972', '1958-07-13 00:00:00', '1984-12-14 00:00:00', '', '2017-05-10 00:00:00', '2017-05-10 00:00:00'),
(39, 'GOMEZ', 'Néstor Emilio', '21745526', '1971-01-03 00:00:00', '1996-10-11 00:00:00', '866/96', '2017-05-10 00:00:00', '2017-05-10 00:00:00'),
(40, 'HUERGO', 'José Armesto', '3510541', '1926-12-29 00:00:00', '1951-12-02 00:00:00', '', '2017-05-10 00:00:00', '2017-05-10 00:00:00'),
(41, 'IBAÑEZ', 'Francisco Quintín', '7040530', '1931-10-31 00:00:00', '1955-03-26 00:00:00', '', '2017-05-10 00:00:00', '2017-05-10 00:00:00'),
(42, 'IBAÑEZ', 'Ricardo Enrique', '20171349', '1968-01-19 00:00:00', '1996-10-11 00:00:00', '', '2017-05-10 00:00:00', '2017-05-10 00:00:00'),
(43, 'JUAREZ', 'Oscar Antonio', '10708799', '1953-02-06 00:00:00', '1979-03-17 00:00:00', '31/79', '2017-05-10 00:00:00', '2017-05-10 00:00:00'),
(44, 'LEDESMA', 'Maximiliano Aníbal Ángel', '26535981', '1978-05-11 00:00:00', '2010-11-19 00:00:00', '583/10', '2017-05-10 00:00:00', '2017-05-10 00:00:00'),
(45, 'LEGUIZAMON', 'Luis Angel', '25740132', '1976-11-24 00:00:00', '2003-10-10 00:00:00', '476/03', '2017-05-10 00:00:00', '2017-05-10 00:00:00'),
(46, 'LORCA ALBORNOZ', 'Marcelo Ariel', '24671479', '1975-05-30 00:00:00', '2002-10-18 00:00:00', '482/02', '2017-05-10 00:00:00', '2017-05-10 00:00:00'),
(47, 'LUNA', 'Héctor Hugo', '14410834', '1961-10-16 00:00:00', '1987-03-27 00:00:00', '', '2017-05-10 00:00:00', '2017-05-10 00:00:00'),
(48, 'MACEDA', 'Alejandro Javier', '22684218', '1972-03-03 00:00:00', '1997-11-07 00:00:00', '506/97', '2017-05-10 00:00:00', '2017-05-10 00:00:00'),
(49, 'MANCERA', 'Andrés', '8099875', '1946-04-06 00:00:00', '1975-03-30 00:00:00', '', '2017-05-10 00:00:00', '2017-05-10 00:00:00'),
(50, 'MEDINA', 'Silvio Ángel', '7011689', '1942-11-08 00:00:00', '1971-12-05 00:00:00', '', '2017-05-10 00:00:00', '2017-05-10 00:00:00'),
(51, 'MICHEL', 'Humberto Luis', '10556218', '1952-06-28 00:00:00', '1989-09-29 00:00:00', '', '2017-05-10 00:00:00', '2017-05-10 00:00:00'),
(52, 'MIJALCHYK', 'José Eloy', '7086361', '1941-12-13 00:00:00', '1968-07-20 00:00:00', '', '2017-05-10 00:00:00', '2017-05-10 00:00:00'),
(53, 'MONTEROS', 'Darío Enrique', '20284545', '1969-02-18 00:00:00', '1998-10-12 00:00:00', '572/98', '2017-05-10 00:00:00', '2017-05-10 00:00:00'),
(54, 'MORALES', 'Edgardo Martín', '13475871', '1959-11-05 00:00:00', '1987-03-27 00:00:00', '', '2017-05-10 00:00:00', '2017-05-10 00:00:00'),
(55, 'NAVARRO', 'Carlos Rafael', '14023457', '1960-06-01 00:00:00', '2006-11-24 00:00:00', '', '2017-05-10 00:00:00', '2017-05-10 00:00:00'),
(56, 'NAVARRO', 'José Francisco', '22180521', '1971-05-02 00:00:00', '2005-11-18 00:00:00', '', '2017-05-10 00:00:00', '2017-05-10 00:00:00'),
(57, 'NIEVA', 'Roberto Fabián', '20692372', '1969-11-24 00:00:00', '1999-12-03 00:00:00', '', '2017-05-10 00:00:00', '2017-05-10 00:00:00'),
(58, 'NOGUERA', 'Hugo Lázaro', '25212238', '1976-01-31 00:00:00', '2001-10-12 00:00:00', '', '2017-05-10 00:00:00', '2017-05-10 00:00:00'),
(59, 'OLEA', 'Roque Raúl', '14358642', '1961-02-23 00:00:00', '1993-03-26 00:00:00', '', '2017-05-10 00:00:00', '2017-05-10 00:00:00'),
(60, 'ORELLANA', 'Ricardo Alberto', '27960241', '1980-02-14 00:00:00', '2005-11-18 00:00:00', '', '2017-05-10 00:00:00', '2017-05-10 00:00:00'),
(61, 'ORTEGA', 'Andrés David', '25922650', '1977-07-16 00:00:00', '2004-10-22 00:00:00', '562/04', '2017-05-10 00:00:00', '2017-05-10 00:00:00'),
(62, 'ORTIZ', 'Héctor Edmundo', '27651607', '1979-10-31 00:00:00', '2006-11-24 00:00:00', '', '2017-05-10 00:00:00', '2017-05-10 00:00:00'),
(63, 'PACHECO', 'Luis Ernesto', '11475083', '1954-10-29 00:00:00', '1984-08-18 00:00:00', '', '2017-05-10 00:00:00', '2017-05-10 00:00:00'),
(64, 'PARRADO', 'Emilio Andrés', '6970293', '1927-11-10 00:00:00', '1952-11-30 00:00:00', '', '2017-05-10 00:00:00', '2017-05-10 00:00:00'),
(65, 'PASSARELL', 'José Antonio', '11064755', '1954-03-03 00:00:00', '1984-12-14 00:00:00', '', '2017-05-10 00:00:00', '2017-05-10 00:00:00'),
(66, 'PAZ', 'Javier Osmar', '26805878', '1978-10-27 00:00:00', '2004-10-22 00:00:00', '', '2017-05-10 00:00:00', '2017-05-10 00:00:00'),
(67, 'PEDRO', 'Carlos Gustavo', '25255596', '1976-07-31 00:00:00', '2005-11-18 00:00:00', '', '2017-05-10 00:00:00', '2017-05-10 00:00:00'),
(68, 'PELLEGRINO', 'Domingo Santos', '7054332', '1934-11-08 00:00:00', '1958-08-10 00:00:00', '', '2017-05-10 00:00:00', '2017-05-10 00:00:00'),
(69, 'PINTO', 'Diego Sebastián', '25542775', '1976-12-10 00:00:00', '2010-11-19 00:00:00', '584/10', '2017-05-10 00:00:00', '2017-05-10 00:00:00'),
(70, 'PRADO', 'Juan Carlos', '14984379', '1961-11-24 00:00:00', '1996-12-21 00:00:00', '', '2017-05-10 00:00:00', '2017-05-10 00:00:00'),
(71, 'RANDISI', 'Liborio Luis', '7052634', '1934-02-25 00:00:00', '1959-08-15 00:00:00', '', '2017-05-10 00:00:00', '2017-05-10 00:00:00'),
(72, 'RODRIGUEZ', 'Roque Mario', '20218216', '1968-06-11 00:00:00', '1994-11-11 00:00:00', '', '2017-05-10 00:00:00', '2017-05-10 00:00:00'),
(73, 'ROJAS', 'Francisco Misael', '4448431', '1944-03-07 00:00:00', '1976-10-10 00:00:00', '', '2017-05-10 00:00:00', '2017-05-10 00:00:00'),
(74, 'ROMANO', 'Rufino Guillermo', '20284171', '1969-01-01 00:00:00', '2003-10-10 00:00:00', '', '2017-05-10 00:00:00', '2017-05-10 00:00:00'),
(75, 'ROMERO', 'Enzo Daniel', '16811721', '1964-01-26 00:00:00', '1996-10-11 00:00:00', '', '2017-05-10 00:00:00', '2017-05-10 00:00:00'),
(76, 'RUFINO', 'Luis Eduardo', '7073087', '1939-11-25 00:00:00', '1968-07-20 00:00:00', '', '2017-05-10 00:00:00', '2017-05-10 00:00:00'),
(77, 'RUIZ', 'Manuel Fernando', '23021825', '1973-03-20 00:00:00', '2005-11-18 00:00:00', '', '2017-05-10 00:00:00', '2017-05-10 00:00:00'),
(78, 'SANCHEZ', 'Carlos Alberto', '16176652', '1963-04-24 00:00:00', '1988-06-24 00:00:00', '', '2017-05-10 00:00:00', '2017-05-10 00:00:00'),
(79, 'SANTILLAN', 'Pedro Raúl', '17041851', '1964-09-23 00:00:00', '1994-11-11 00:00:00', '', '2017-05-10 00:00:00', '2017-05-10 00:00:00'),
(80, 'SILVA', 'Ángel Eduardo', '8080463', '1943-05-17 00:00:00', '1971-08-15 00:00:00', '', '2017-05-10 00:00:00', '2017-05-10 00:00:00'),
(81, 'SUAREZ', 'Julio Javier', '', '1974-08-12 00:00:00', '2002-10-18 00:00:00', '', '2017-05-10 00:00:00', '2017-05-10 00:00:00'),
(82, 'TONELLO', 'Amadeo José', '21682796', '1970-11-02 00:00:00', '1996-10-11 00:00:00', '', '2017-05-10 00:00:00', '2017-05-10 00:00:00'),
(83, 'URBANC', 'Francisco', '13868307', '1960-01-29 00:00:00', '1983-11-14 00:00:00', '', '2017-05-10 00:00:00', '2017-05-10 00:00:00'),
(84, 'VALOY', 'Leonardo Carlos Jesús', '22263554', '1971-07-19 00:00:00', '2001-10-12 00:00:00', '', '2017-05-10 00:00:00', '2017-05-10 00:00:00'),
(85, 'VELAZQUEZ', 'Rubén Eduardo', '29997405', '1982-12-27 00:00:00', '2009-12-11 00:00:00', '629/09', '2017-05-10 00:00:00', '2017-05-10 00:00:00'),
(86, 'VICARI', 'Hector Raul', '24802116', '1975-06-27 00:00:00', '2006-11-24 00:00:00', '', '2017-05-10 00:00:00', '2017-05-10 00:00:00'),
(87, 'VILLALBA', 'Luis Hector', '', '1934-10-11 00:00:00', '1960-09-24 00:00:00', '', '2017-05-10 00:00:00', '2017-05-10 00:00:00'),
(88, 'VILLENA', 'Santiago', '8585849', '1941-05-11 00:00:00', '1967-07-01 00:00:00', '', '2017-05-10 00:00:00', '2017-05-10 00:00:00'),
(89, 'VIROCHE', 'Juan Heraldo', '21027524', '1969-08-24 00:00:00', '2001-10-12 00:00:00', '', '2017-05-10 00:00:00', '2017-05-10 00:00:00'),
(90, 'ZARATE', 'Antonio Alejandro', '27960392', '1980-02-17 00:00:00', '2006-11-24 00:00:00', '', '2017-05-10 00:00:00', '2017-05-10 00:00:00'),
(91, '** desconocido', '** desconocido', '', NULL, NULL, '', '2017-05-12 13:57:30', '2017-05-12 13:57:30'),
(92, 'WEST', 'Roberto', '20.203.910', '1968-03-30 00:00:00', '2005-05-04 00:00:00', '000/00', '2017-05-23 13:26:38', '2017-05-23 16:04:28'),
(93, 'YAPUR', 'Antonio Fernando', '', NULL, NULL, '', '2017-05-24 12:29:38', '2017-05-24 12:30:08'),
(94, 'fernandez', 'jesus eduardo', '29878090', NULL, NULL, '', '2017-06-02 12:32:05', '2017-06-02 12:32:05');

-- --------------------------------------------------------

--
-- Estructura de tabla para la tabla `usuarios`
--

CREATE TABLE IF NOT EXISTS `usuarios` (
`id` int(10) unsigned NOT NULL,
  `nombre` varchar(60) COLLATE latin1_spanish_ci DEFAULT NULL,
  `apellido` varchar(60) COLLATE latin1_spanish_ci DEFAULT NULL,
  `username` varchar(20) COLLATE latin1_spanish_ci NOT NULL,
  `passwd` varchar(100) COLLATE latin1_spanish_ci NOT NULL,
  `rol` varchar(20) COLLATE latin1_spanish_ci NOT NULL,
  `active` tinyint(1) NOT NULL DEFAULT '1',
  `created` datetime DEFAULT NULL,
  `modified` datetime DEFAULT NULL
) ENGINE=InnoDB AUTO_INCREMENT=4 DEFAULT CHARSET=latin1 COLLATE=latin1_spanish_ci;

--
-- Volcado de datos para la tabla `usuarios`
--

INSERT INTO `usuarios` (`id`, `nombre`, `apellido`, `username`, `passwd`, `rol`, `active`, `created`, `modified`) VALUES
(1, 'Roberto', 'WEST', 'rwest', '$2y$10$N8owIa73o/CwZTKcOOndceH3NFH.4nBr5zSwVYhqGCsH4ZTsFFZxu', 'admin', 1, '2017-05-31 18:38:24', '2017-08-28 16:18:32'),
(2, 'Dario', 'MONTEROS', 'dmonteros', '$2y$10$sLhKQuGcVyQu2R/fMYclKu8QfgTvJfmHrtckTeoPG4WH6d8kUkajq', 'user', 1, '2017-06-01 18:43:09', '2017-06-01 18:43:09'),
(3, 'Duilio', 'NOBLEGA', 'dnoblega', '$2y$10$YlkIQBAnlxFZ4m8Qr8G2EeD7SrQDwCfRTD2/qDpnfG0MWZXp/pApG', 'admin', 1, '2017-08-14 10:32:06', '2017-08-14 12:22:42');

--
-- Índices para tablas volcadas
--

--
-- Indices de la tabla `autos`
--
ALTER TABLE `autos`
 ADD PRIMARY KEY (`id`);

--
-- Indices de la tabla `autos_marcas`
--
ALTER TABLE `autos_marcas`
 ADD PRIMARY KEY (`id`);

--
-- Indices de la tabla `autos_modelos`
--
ALTER TABLE `autos_modelos`
 ADD PRIMARY KEY (`id`);

--
-- Indices de la tabla `documents`
--
ALTER TABLE `documents`
 ADD PRIMARY KEY (`id`);

--
-- Indices de la tabla `funciones`
--
ALTER TABLE `funciones`
 ADD PRIMARY KEY (`id`);

--
-- Indices de la tabla `funcion_sacerdote_institucion`
--
ALTER TABLE `funcion_sacerdote_institucion`
 ADD PRIMARY KEY (`id`), ADD KEY `funcion_sacerdote_institucion_ibfk_1` (`sacerdote_id`), ADD KEY `funcion_sacerdote_institucion_ibfk_2` (`funcion_id`), ADD KEY `funcion_sacerdote_institucion_ibfk_3` (`institucion_id`);

--
-- Indices de la tabla `instituciones`
--
ALTER TABLE `instituciones`
 ADD PRIMARY KEY (`id`);

--
-- Indices de la tabla `protocolos`
--
ALTER TABLE `protocolos`
 ADD PRIMARY KEY (`id`), ADD KEY `protocolo_tipo_id` (`protocolo_tipo_id`), ADD KEY `protocolo_tipo_id_2` (`protocolo_tipo_id`);

--
-- Indices de la tabla `protocolo_tipo`
--
ALTER TABLE `protocolo_tipo`
 ADD PRIMARY KEY (`id`);

--
-- Indices de la tabla `sacerdotes`
--
ALTER TABLE `sacerdotes`
 ADD PRIMARY KEY (`id`);

--
-- Indices de la tabla `usuarios`
--
ALTER TABLE `usuarios`
 ADD PRIMARY KEY (`id`);

--
-- AUTO_INCREMENT de las tablas volcadas
--

--
-- AUTO_INCREMENT de la tabla `autos`
--
ALTER TABLE `autos`
MODIFY `id` int(11) NOT NULL AUTO_INCREMENT,AUTO_INCREMENT=82;
--
-- AUTO_INCREMENT de la tabla `autos_marcas`
--
ALTER TABLE `autos_marcas`
MODIFY `id` int(11) NOT NULL AUTO_INCREMENT,AUTO_INCREMENT=17;
--
-- AUTO_INCREMENT de la tabla `autos_modelos`
--
ALTER TABLE `autos_modelos`
MODIFY `id` int(11) NOT NULL AUTO_INCREMENT,AUTO_INCREMENT=150;
--
-- AUTO_INCREMENT de la tabla `documents`
--
ALTER TABLE `documents`
MODIFY `id` int(11) NOT NULL AUTO_INCREMENT,AUTO_INCREMENT=2;
--
-- AUTO_INCREMENT de la tabla `funciones`
--
ALTER TABLE `funciones`
MODIFY `id` int(11) NOT NULL AUTO_INCREMENT,AUTO_INCREMENT=132;
--
-- AUTO_INCREMENT de la tabla `funcion_sacerdote_institucion`
--
ALTER TABLE `funcion_sacerdote_institucion`
MODIFY `id` int(11) NOT NULL AUTO_INCREMENT,AUTO_INCREMENT=1199;
--
-- AUTO_INCREMENT de la tabla `instituciones`
--
ALTER TABLE `instituciones`
MODIFY `id` int(11) NOT NULL AUTO_INCREMENT,AUTO_INCREMENT=257;
--
-- AUTO_INCREMENT de la tabla `protocolos`
--
ALTER TABLE `protocolos`
MODIFY `id` int(10) NOT NULL AUTO_INCREMENT,AUTO_INCREMENT=8;
--
-- AUTO_INCREMENT de la tabla `protocolo_tipo`
--
ALTER TABLE `protocolo_tipo`
MODIFY `id` int(11) NOT NULL AUTO_INCREMENT,AUTO_INCREMENT=9;
--
-- AUTO_INCREMENT de la tabla `sacerdotes`
--
ALTER TABLE `sacerdotes`
MODIFY `id` int(11) NOT NULL AUTO_INCREMENT,AUTO_INCREMENT=95;
--
-- AUTO_INCREMENT de la tabla `usuarios`
--
ALTER TABLE `usuarios`
MODIFY `id` int(10) unsigned NOT NULL AUTO_INCREMENT,AUTO_INCREMENT=4;
--
-- Restricciones para tablas volcadas
--

--
-- Filtros para la tabla `funcion_sacerdote_institucion`
--
ALTER TABLE `funcion_sacerdote_institucion`
ADD CONSTRAINT `funcion_sacerdote_institucion_ibfk_1` FOREIGN KEY (`sacerdote_id`) REFERENCES `sacerdotes` (`id`),
ADD CONSTRAINT `funcion_sacerdote_institucion_ibfk_2` FOREIGN KEY (`funcion_id`) REFERENCES `funciones` (`id`),
ADD CONSTRAINT `funcion_sacerdote_institucion_ibfk_3` FOREIGN KEY (`institucion_id`) REFERENCES `instituciones` (`id`);

/*!40101 SET CHARACTER_SET_CLIENT=@OLD_CHARACTER_SET_CLIENT */;
/*!40101 SET CHARACTER_SET_RESULTS=@OLD_CHARACTER_SET_RESULTS */;
/*!40101 SET COLLATION_CONNECTION=@OLD_COLLATION_CONNECTION */;
